{"version": "1", "message": "ERROR: Hidden Testcases server unreachable.", "problem_id": "ads2_m6_a1_1", "user_id": "Sweety310897", "score": {"sample": {"0": {"execution_time": 0.20626258850097656, "passed": false}, "1": {"execution_time": 0.1985487937927246, "passed": false}, "2": {"execution_time": 0.18455958366394043, "passed": false}, "3": {"execution_time": 0.1858510971069336, "passed": false}, "4": {"execution_time": 0.18466663360595703, "passed": false}, "5": {"execution_time": 0.16042017936706543, "passed": false}, "6": {"execution_time": 0.17238473892211914, "passed": false}, "7": {"execution_time": 0.1766061782836914, "passed": false}, "8": {"execution_time": 0.16478300094604492, "passed": false}, "9": {"execution_time": 0.17847514152526855, "passed": false}, "10": {"execution_time": 0.19426441192626953, "passed": false}, "11": {"execution_time": 0.1772782802581787, "passed": false}}}, "check_style_score": "0/1"}