{"version": "1", "message": "ERROR: Hidden Testcases server unreachable.", "problem_id": "ads2_m6_a1_1", "user_id": "Sweety310897", "score": {"sample": {"0": {"execution_time": 0.19288301467895508, "passed": false}, "1": {"execution_time": 0.17829132080078125, "passed": false}, "2": {"execution_time": 0.17765522003173828, "passed": false}, "3": {"execution_time": 0.17565464973449707, "passed": false}, "4": {"execution_time": 0.16415977478027344, "passed": false}, "5": {"execution_time": 0.17330527305603027, "passed": false}, "6": {"execution_time": 0.1742258071899414, "passed": false}, "7": {"execution_time": 0.16526174545288086, "passed": false}, "8": {"execution_time": 0.17707490921020508, "passed": false}, "9": {"execution_time": 0.17559552192687988, "passed": false}, "10": {"execution_time": 0.17363524436950684, "passed": false}, "11": {"execution_time": 0.1766834259033203, "passed": false}}}, "check_style_score": "0/1"}