{"version": "1", "message": "ERROR: Hidden Testcases server unreachable.", "problem_id": "ads2_m6_a1_1", "user_id": "Sweety310897", "score": {"sample": {"0": {"execution_time": 0.2674720287322998, "passed": false}, "1": {"execution_time": 0.24716567993164062, "passed": false}, "2": {"execution_time": 0.21602892875671387, "passed": false}, "3": {"execution_time": 0.2526967525482178, "passed": false}, "4": {"execution_time": 0.21777820587158203, "passed": false}, "5": {"execution_time": 0.21452569961547852, "passed": false}, "6": {"execution_time": 0.23719096183776855, "passed": false}, "7": {"execution_time": 0.25183773040771484, "passed": false}, "8": {"execution_time": 0.22507929801940918, "passed": false}, "9": {"execution_time": 0.22335195541381836, "passed": false}, "10": {"execution_time": 0.22690534591674805, "passed": false}, "11": {"execution_time": 0.2183077335357666, "passed": false}}}, "check_style_score": "0/1"}