{"version": "1", "message": "ERROR: Hidden Testcases server unreachable.", "problem_id": "ads2_m6_a1_1", "user_id": "Sweety310897", "score": {"sample": {"0": {"execution_time": 0.22637009620666504, "passed": false}, "1": {"execution_time": 0.21616482734680176, "passed": false}, "2": {"execution_time": 0.2174680233001709, "passed": false}, "3": {"execution_time": 0.23704957962036133, "passed": false}, "4": {"execution_time": 0.1958935260772705, "passed": false}, "5": {"execution_time": 0.19444918632507324, "passed": false}, "6": {"execution_time": 0.24996566772460938, "passed": false}, "7": {"execution_time": 0.16341829299926758, "passed": false}, "8": {"execution_time": 0.20716071128845215, "passed": false}, "9": {"execution_time": 0.17610740661621094, "passed": false}, "10": {"execution_time": 0.21587729454040527, "passed": false}, "11": {"execution_time": 0.1764545440673828, "passed": false}}}, "check_style_score": "0/1"}