{"version": "1", "message": "ERROR: Hidden Testcases server unreachable.", "problem_id": "ads2_m6_a1_1", "user_id": "Sweety310897", "score": {"sample": {"0": {"execution_time": 0.20467615127563477, "passed": false}, "1": {"execution_time": 0.21576547622680664, "passed": false}, "2": {"execution_time": 0.22538137435913086, "passed": false}, "3": {"execution_time": 0.2134113311767578, "passed": false}, "4": {"execution_time": 0.1758592128753662, "passed": false}, "5": {"execution_time": 0.18662548065185547, "passed": false}, "6": {"execution_time": 0.20622944831848145, "passed": false}, "7": {"execution_time": 0.16652441024780273, "passed": false}, "8": {"execution_time": 0.2144918441772461, "passed": false}, "9": {"execution_time": 0.19704222679138184, "passed": false}, "10": {"execution_time": 0.24572372436523438, "passed": false}, "11": {"execution_time": 0.20647001266479492, "passed": false}}}, "check_style_score": "0/1"}