{"version": "1", "message": "ERROR: Hidden Testcases server unreachable.", "problem_id": "ads2_m6_a1_1", "user_id": "Sweety310897", "score": {"sample": {"0": {"execution_time": 0.20604872703552246, "passed": false}, "1": {"execution_time": 0.2163712978363037, "passed": false}, "2": {"execution_time": 0.20633196830749512, "passed": false}, "3": {"execution_time": 0.20529556274414062, "passed": false}, "4": {"execution_time": 0.1744213104248047, "passed": false}, "5": {"execution_time": 0.17404890060424805, "passed": false}, "6": {"execution_time": 0.19646334648132324, "passed": false}, "7": {"execution_time": 0.16549229621887207, "passed": false}, "8": {"execution_time": 0.19354462623596191, "passed": false}, "9": {"execution_time": 0.17574810981750488, "passed": false}, "10": {"execution_time": 0.2059335708618164, "passed": false}, "11": {"execution_time": 0.1628246307373047, "passed": false}}}, "check_style_score": "0/1"}