{"version": "1", "message": "ERROR: Hidden Testcases server unreachable.", "problem_id": "ads2_m6_a1_1", "user_id": "Sweety310897", "score": {"sample": {"0": {"execution_time": 0.21447110176086426, "passed": false}, "1": {"execution_time": 0.20590496063232422, "passed": false}, "2": {"execution_time": 0.20767521858215332, "passed": false}, "3": {"execution_time": 0.20373916625976562, "passed": false}, "4": {"execution_time": 0.1659398078918457, "passed": false}, "5": {"execution_time": 0.17224860191345215, "passed": false}, "6": {"execution_time": 0.21431446075439453, "passed": false}, "7": {"execution_time": 0.17391014099121094, "passed": false}, "8": {"execution_time": 0.21296310424804688, "passed": false}, "9": {"execution_time": 0.1658616065979004, "passed": false}, "10": {"execution_time": 0.20428085327148438, "passed": false}, "11": {"execution_time": 0.16582322120666504, "passed": false}}}, "check_style_score": "0/1"}