{"version": "1", "message": "ERROR: Hidden Testcases server unreachable.", "problem_id": "ads2_m6_a1_1", "user_id": "Sweety310897", "score": {"sample": {"0": {"execution_time": 0.23029136657714844, "passed": false}, "1": {"execution_time": 0.1929786205291748, "passed": false}, "2": {"execution_time": 0.2049098014831543, "passed": false}, "3": {"execution_time": 0.19572091102600098, "passed": false}, "4": {"execution_time": 0.19350051879882812, "passed": false}, "5": {"execution_time": 0.1761479377746582, "passed": false}, "6": {"execution_time": 0.2067570686340332, "passed": false}, "7": {"execution_time": 0.18124151229858398, "passed": false}, "8": {"execution_time": 0.2010188102722168, "passed": false}, "9": {"execution_time": 0.17530298233032227, "passed": false}, "10": {"execution_time": 0.20435595512390137, "passed": false}, "11": {"execution_time": 0.16346192359924316, "passed": false}}}, "check_style_score": "0/1"}