{"version": "1", "message": "ERROR: Hidden Testcases server unreachable.", "problem_id": "ads2_m6_a1_1", "user_id": "Sweety310897", "score": {"sample": {"0": {"execution_time": 0.18070268630981445, "passed": false}, "1": {"execution_time": 0.1730496883392334, "passed": false}, "2": {"execution_time": 0.18689322471618652, "passed": false}, "3": {"execution_time": 0.18375086784362793, "passed": false}, "4": {"execution_time": 0.17702341079711914, "passed": false}, "5": {"execution_time": 0.18042898178100586, "passed": false}, "6": {"execution_time": 0.17503952980041504, "passed": false}, "7": {"execution_time": 0.20727014541625977, "passed": false}, "8": {"execution_time": 0.19111323356628418, "passed": false}, "9": {"execution_time": 0.16549038887023926, "passed": false}, "10": {"execution_time": 0.1766202449798584, "passed": false}, "11": {"execution_time": 0.1607193946838379, "passed": false}}}, "check_style_score": "0/1"}