{"version": "1", "message": "ERROR: Hidden Testcases server unreachable.", "problem_id": "ads2_m6_a1_1", "user_id": "Sweety310897", "score": {"sample": {"0": {"execution_time": 0.24109601974487305, "passed": false}, "1": {"execution_time": 0.2145249843597412, "passed": false}, "2": {"execution_time": 0.23712897300720215, "passed": false}, "3": {"execution_time": 0.21037769317626953, "passed": false}, "4": {"execution_time": 0.16282105445861816, "passed": false}, "5": {"execution_time": 0.1632404327392578, "passed": false}, "6": {"execution_time": 0.20530247688293457, "passed": false}, "7": {"execution_time": 0.16334128379821777, "passed": false}, "8": {"execution_time": 0.20591425895690918, "passed": false}, "9": {"execution_time": 0.17522215843200684, "passed": false}, "10": {"execution_time": 0.20734000205993652, "passed": false}, "11": {"execution_time": 0.16317367553710938, "passed": false}}}, "check_style_score": "0/1"}