{"version": "1", "message": "ERROR: Hidden Testcases server unreachable.", "problem_id": "ads2_m6_a1_1", "user_id": "Sweety310897", "score": {"sample": {"0": {"execution_time": 0.1684129238128662, "passed": false}, "1": {"execution_time": 0.17511391639709473, "passed": false}, "2": {"execution_time": 0.16438865661621094, "passed": false}, "3": {"execution_time": 0.17237353324890137, "passed": false}, "4": {"execution_time": 0.17720675468444824, "passed": false}, "5": {"execution_time": 0.17373418807983398, "passed": false}, "6": {"execution_time": 0.17654895782470703, "passed": false}, "7": {"execution_time": 0.17589211463928223, "passed": false}, "8": {"execution_time": 0.17662882804870605, "passed": false}, "9": {"execution_time": 0.17589783668518066, "passed": false}, "10": {"execution_time": 0.15339207649230957, "passed": false}, "11": {"execution_time": 0.19566988945007324, "passed": false}}}, "check_style_score": "0/1"}