{"version": "1", "message": "ERROR: Hidden Testcases server unreachable.", "problem_id": "ads2_m6_a1_1", "user_id": "Sweety310897", "score": {"sample": {"0": {"execution_time": 0.23479151725769043, "passed": false}, "1": {"execution_time": 0.21309471130371094, "passed": false}, "2": {"execution_time": 0.17624425888061523, "passed": false}, "3": {"execution_time": 0.17393732070922852, "passed": false}, "4": {"execution_time": 0.1831073760986328, "passed": false}, "5": {"execution_time": 0.15461993217468262, "passed": false}, "6": {"execution_time": 0.1557302474975586, "passed": false}, "7": {"execution_time": 0.16466856002807617, "passed": false}, "8": {"execution_time": 0.16602563858032227, "passed": false}, "9": {"execution_time": 0.1636054515838623, "passed": false}, "10": {"execution_time": 0.16932368278503418, "passed": false}, "11": {"execution_time": 0.1624131202697754, "passed": false}}}, "check_style_score": "0/1"}