{"version": "1", "message": "ERROR: Hidden Testcases server unreachable.", "problem_id": "ads2_m6_a1_1", "user_id": "Sweety310897", "score": {"sample": {"0": {"execution_time": 0.24759554862976074, "passed": false}, "1": {"execution_time": 0.2245802879333496, "passed": false}, "2": {"execution_time": 0.27146410942077637, "passed": false}, "3": {"execution_time": 0.2399425506591797, "passed": false}, "4": {"execution_time": 0.15758895874023438, "passed": false}, "5": {"execution_time": 0.161513090133667, "passed": false}, "6": {"execution_time": 0.22566819190979004, "passed": false}, "7": {"execution_time": 0.17812180519104004, "passed": false}, "8": {"execution_time": 0.22506237030029297, "passed": false}, "9": {"execution_time": 0.17423081398010254, "passed": false}, "10": {"execution_time": 0.2151331901550293, "passed": false}, "11": {"execution_time": 0.15638422966003418, "passed": false}}}, "check_style_score": "0/1"}