{"version": "1", "message": "ERROR: Hidden Testcases server unreachable.", "problem_id": "ads2_m6_a1_1", "user_id": "Sweety310897", "score": {"sample": {"0": {"execution_time": 0.20456147193908691, "passed": false}, "1": {"execution_time": 0.20585989952087402, "passed": false}, "2": {"execution_time": 0.2234482765197754, "passed": false}, "3": {"execution_time": 0.21762800216674805, "passed": false}, "4": {"execution_time": 0.17521047592163086, "passed": false}, "5": {"execution_time": 0.17357897758483887, "passed": false}, "6": {"execution_time": 0.21517348289489746, "passed": false}, "7": {"execution_time": 0.17554020881652832, "passed": false}, "8": {"execution_time": 0.22487711906433105, "passed": false}, "9": {"execution_time": 0.16392898559570312, "passed": false}, "10": {"execution_time": 0.20682692527770996, "passed": false}, "11": {"execution_time": 0.16555476188659668, "passed": false}}}, "check_style_score": "0/1"}