{"version": "1", "message": "ERROR: Hidden Testcases server unreachable.", "problem_id": "ads2_m6_a1_1", "user_id": "Sweety310897", "score": {"sample": {"0": {"execution_time": 0.32396531105041504, "passed": false}, "1": {"execution_time": 0.2738199234008789, "passed": false}, "2": {"execution_time": 0.23693513870239258, "passed": false}, "3": {"execution_time": 0.23593616485595703, "passed": false}, "4": {"execution_time": 0.24711012840270996, "passed": false}, "5": {"execution_time": 0.22113609313964844, "passed": false}, "6": {"execution_time": 0.2694690227508545, "passed": false}, "7": {"execution_time": 0.3051795959472656, "passed": false}, "8": {"execution_time": 0.29014086723327637, "passed": false}, "9": {"execution_time": 0.30418896675109863, "passed": false}, "10": {"execution_time": 0.3003063201904297, "passed": false}, "11": {"execution_time": 0.3023254871368408, "passed": false}}}, "check_style_score": "0/1"}