{"version": "1", "message": "ERROR: Hidden Testcases server unreachable.", "problem_id": "ads2_m6_a1_1", "user_id": "Sweety310897", "score": {"sample": {"0": {"execution_time": 0.20694971084594727, "passed": false}, "1": {"execution_time": 0.17447328567504883, "passed": false}, "2": {"execution_time": 0.17280244827270508, "passed": false}, "3": {"execution_time": 0.17307567596435547, "passed": false}, "4": {"execution_time": 0.1751089096069336, "passed": false}, "5": {"execution_time": 0.17697906494140625, "passed": false}, "6": {"execution_time": 0.17668724060058594, "passed": false}, "7": {"execution_time": 0.17672276496887207, "passed": false}, "8": {"execution_time": 0.1739943027496338, "passed": false}, "9": {"execution_time": 0.19490742683410645, "passed": false}, "10": {"execution_time": 0.19218826293945312, "passed": false}, "11": {"execution_time": 0.18507671356201172, "passed": false}}}, "check_style_score": "0/1"}