{"version": "1", "message": "ERROR: Hidden Testcases server unreachable.", "problem_id": "ads2_m6_a1_1", "user_id": "Sweety310897", "score": {"sample": {"0": {"execution_time": 0.21633315086364746, "passed": false}, "1": {"execution_time": 0.21258974075317383, "passed": false}, "2": {"execution_time": 0.2133338451385498, "passed": false}, "3": {"execution_time": 0.20719623565673828, "passed": false}, "4": {"execution_time": 0.17352938652038574, "passed": false}, "5": {"execution_time": 0.16284990310668945, "passed": false}, "6": {"execution_time": 0.2046031951904297, "passed": false}, "7": {"execution_time": 0.1769564151763916, "passed": false}, "8": {"execution_time": 0.2033846378326416, "passed": false}, "9": {"execution_time": 0.15456438064575195, "passed": false}, "10": {"execution_time": 0.21381664276123047, "passed": false}, "11": {"execution_time": 0.18265652656555176, "passed": false}}}, "check_style_score": "0/1"}