{"version": "1", "message": "ERROR: Hidden Testcases server unreachable.", "problem_id": "ads2_m6_a1_1", "user_id": "Sweety310897", "score": {"sample": {"0": {"execution_time": 0.2665858268737793, "passed": false}, "1": {"execution_time": 0.24055790901184082, "passed": false}, "2": {"execution_time": 0.2361459732055664, "passed": false}, "3": {"execution_time": 0.21730828285217285, "passed": false}, "4": {"execution_time": 0.2679901123046875, "passed": false}, "5": {"execution_time": 0.28487086296081543, "passed": false}, "6": {"execution_time": 0.25110602378845215, "passed": false}, "7": {"execution_time": 0.2707352638244629, "passed": false}, "8": {"execution_time": 0.2256777286529541, "passed": false}, "9": {"execution_time": 0.23059606552124023, "passed": false}, "10": {"execution_time": 0.22446465492248535, "passed": false}, "11": {"execution_time": 0.15573859214782715, "passed": false}}}, "check_style_score": "0/1"}