{"version": "1", "message": "ERROR: Hidden Testcases server unreachable.", "problem_id": "ads2_m6_a1_1", "user_id": "Sweety310897", "score": {"sample": {"0": {"execution_time": 0.1997537612915039, "passed": false}, "1": {"execution_time": 0.16585755348205566, "passed": false}, "2": {"execution_time": 0.18580961227416992, "passed": false}, "3": {"execution_time": 0.18099093437194824, "passed": false}, "4": {"execution_time": 0.1643977165222168, "passed": false}, "5": {"execution_time": 0.17538833618164062, "passed": false}, "6": {"execution_time": 0.15471410751342773, "passed": false}, "7": {"execution_time": 0.1852707862854004, "passed": false}, "8": {"execution_time": 0.18343186378479004, "passed": false}, "9": {"execution_time": 0.1598966121673584, "passed": false}, "10": {"execution_time": 0.1852431297302246, "passed": false}, "11": {"execution_time": 0.16445088386535645, "passed": false}}}, "check_style_score": "0/1"}