{"version": "1", "message": "ERROR: Hidden Testcases server unreachable.", "problem_id": "ads2_m6_a1_1", "user_id": "Sweety310897", "score": {"sample": {"0": {"execution_time": 0.21535420417785645, "passed": false}, "1": {"execution_time": 0.19521689414978027, "passed": false}, "2": {"execution_time": 0.19429826736450195, "passed": false}, "3": {"execution_time": 0.21375274658203125, "passed": false}, "4": {"execution_time": 0.17305421829223633, "passed": false}, "5": {"execution_time": 0.16886091232299805, "passed": false}, "6": {"execution_time": 0.19901800155639648, "passed": false}, "7": {"execution_time": 0.17793512344360352, "passed": false}, "8": {"execution_time": 0.223616361618042, "passed": false}, "9": {"execution_time": 0.16832232475280762, "passed": false}, "10": {"execution_time": 0.2227487564086914, "passed": false}, "11": {"execution_time": 0.17482709884643555, "passed": false}}}, "check_style_score": "0/1"}