{"version": "1", "message": "ERROR: Hidden Testcases server unreachable.", "problem_id": "ads2_m6_a1_1", "user_id": "Sweety310897", "score": {"sample": {"0": {"execution_time": 0.21420049667358398, "passed": false}, "1": {"execution_time": 0.20425748825073242, "passed": false}, "2": {"execution_time": 0.2356412410736084, "passed": false}, "3": {"execution_time": 0.20441508293151855, "passed": false}, "4": {"execution_time": 0.1698000431060791, "passed": false}, "5": {"execution_time": 0.16794729232788086, "passed": false}, "6": {"execution_time": 0.1979670524597168, "passed": false}, "7": {"execution_time": 0.16637468338012695, "passed": false}, "8": {"execution_time": 0.21681666374206543, "passed": false}, "9": {"execution_time": 0.16315245628356934, "passed": false}, "10": {"execution_time": 0.20112347602844238, "passed": false}, "11": {"execution_time": 0.17374730110168457, "passed": false}}}, "check_style_score": "0/1"}