{"version": "1", "message": "ERROR: Hidden Testcases server unreachable.", "problem_id": "ads2_m2_a1_1", "user_id": "Sweety310897", "score": {"sample": {"0": {"execution_time": 0.24947118759155273, "passed": true}, "1": {"execution_time": 0.16671037673950195, "passed": false}, "2": {"execution_time": 0.18418335914611816, "passed": false}, "3": {"execution_time": 0.205366849899292, "passed": false}, "4": {"execution_time": 0.17664051055908203, "passed": false}, "5": {"execution_time": 0.1744709014892578, "passed": false}, "6": {"execution_time": 0.17016148567199707, "passed": false}, "7": {"execution_time": 0.222930908203125, "passed": false}, "8": {"execution_time": 0.17699098587036133, "passed": false}, "9": {"execution_time": 0.16608285903930664, "passed": false}, "10": {"execution_time": 0.1737527847290039, "passed": false}, "11": {"execution_time": 0.16486763954162598, "passed": false}, "12": {"execution_time": 0.19061923027038574, "passed": false}, "13": {"execution_time": 0.17498373985290527, "passed": false}, "14": {"execution_time": 0.1765460968017578, "passed": false}, "15": {"execution_time": 0.1766819953918457, "passed": false}, "16": {"execution_time": 0.17380046844482422, "passed": false}, "17": {"execution_time": 0.1917879581451416, "passed": false}, "18": {"execution_time": 0.20605230331420898, "passed": false}, "19": {"execution_time": 0.18296122550964355, "passed": false}, "20": {"execution_time": 0.17619991302490234, "passed": false}, "21": {"execution_time": 0.1883382797241211, "passed": false}, "22": {"execution_time": 0.2799358367919922, "passed": false}, "23": {"execution_time": 0.1734142303466797, "passed": false}}}, "check_style_score": "0/1"}