{"version": "1", "message": "ERROR: Hidden Testcases server unreachable.", "problem_id": "ads2_m2_a1_1", "user_id": "Sweety310897", "score": {"sample": {"0": {"execution_time": 0.22627997398376465, "passed": true}, "1": {"execution_time": 0.1769251823425293, "passed": true}, "2": {"execution_time": 0.1926591396331787, "passed": true}, "3": {"execution_time": 0.17748451232910156, "passed": true}, "4": {"execution_time": 0.1854851245880127, "passed": true}, "5": {"execution_time": 0.17254877090454102, "passed": true}, "6": {"execution_time": 0.17614483833312988, "passed": true}, "7": {"execution_time": 0.18843841552734375, "passed": true}, "8": {"execution_time": 0.17452764511108398, "passed": true}, "9": {"execution_time": 0.17734932899475098, "passed": true}, "10": {"execution_time": 0.19047164916992188, "passed": true}, "11": {"execution_time": 0.17829012870788574, "passed": true}, "12": {"execution_time": 0.17620372772216797, "passed": true}, "13": {"execution_time": 0.1753525733947754, "passed": true}, "14": {"execution_time": 0.17623448371887207, "passed": true}, "15": {"execution_time": 0.20644927024841309, "passed": true}, "16": {"execution_time": 0.20797038078308105, "passed": true}, "17": {"execution_time": 0.22194337844848633, "passed": true}, "18": {"execution_time": 0.22441363334655762, "passed": true}, "19": {"execution_time": 0.23894476890563965, "passed": true}, "20": {"execution_time": 0.2217423915863037, "passed": true}, "21": {"execution_time": 0.20516228675842285, "passed": true}, "22": {"execution_time": 0.2527656555175781, "passed": true}, "23": {"execution_time": 0.2875981330871582, "passed": true}}}, "check_style_score": "1/1"}