{"version": "1", "message": "ERROR: Hidden Testcases server unreachable.", "problem_id": "ads2_m2_a1_1", "user_id": "Sweety310897", "score": {"sample": {"0": {"execution_time": 0.2901308536529541, "passed": true}, "1": {"execution_time": 0.21362590789794922, "passed": true}, "2": {"execution_time": 0.1832900047302246, "passed": true}, "3": {"execution_time": 0.19499945640563965, "passed": true}, "4": {"execution_time": 0.1902468204498291, "passed": true}, "5": {"execution_time": 0.30007410049438477, "passed": true}, "6": {"execution_time": 0.20691728591918945, "passed": true}, "7": {"execution_time": 0.2249903678894043, "passed": true}, "8": {"execution_time": 0.17445087432861328, "passed": true}, "9": {"execution_time": 0.176422119140625, "passed": true}, "10": {"execution_time": 0.1759650707244873, "passed": true}, "11": {"execution_time": 0.28755784034729004, "passed": true}, "12": {"execution_time": 0.18016457557678223, "passed": true}, "13": {"execution_time": 0.2084822654724121, "passed": true}, "14": {"execution_time": 0.3349912166595459, "passed": true}, "15": {"execution_time": 0.2393052577972412, "passed": true}, "16": {"execution_time": 0.2108597755432129, "passed": true}, "17": {"execution_time": 0.25522899627685547, "passed": true}, "18": {"execution_time": 0.2543823719024658, "passed": true}, "19": {"execution_time": 0.2214372158050537, "passed": true}, "20": {"execution_time": 0.2530477046966553, "passed": true}, "21": {"execution_time": 0.17483139038085938, "passed": true}, "22": {"execution_time": 0.2832925319671631, "passed": true}, "23": {"execution_time": 0.3188211917877197, "passed": true}}}, "check_style_score": "1/1"}