{"version": "1", "message": "ERROR: Hidden Testcases server unreachable.", "problem_id": "ads2_m2_a1_1", "user_id": "Sweety310897", "score": {"sample": {"0": {"execution_time": 0.2143099308013916, "passed": true}, "1": {"execution_time": 0.25499987602233887, "passed": true}, "2": {"execution_time": 0.27414608001708984, "passed": true}, "3": {"execution_time": 0.20554661750793457, "passed": true}, "4": {"execution_time": 0.17709660530090332, "passed": true}, "5": {"execution_time": 0.17387843132019043, "passed": true}, "6": {"execution_time": 0.17614197731018066, "passed": true}, "7": {"execution_time": 0.20919418334960938, "passed": true}, "8": {"execution_time": 0.1983170509338379, "passed": true}, "9": {"execution_time": 0.20866680145263672, "passed": true}, "10": {"execution_time": 0.19467449188232422, "passed": true}, "11": {"execution_time": 0.21306347846984863, "passed": true}, "12": {"execution_time": 0.20844388008117676, "passed": true}, "13": {"execution_time": 0.24567961692810059, "passed": true}, "14": {"execution_time": 0.19218134880065918, "passed": true}, "15": {"execution_time": 0.25432896614074707, "passed": true}, "16": {"execution_time": 0.2457256317138672, "passed": true}, "17": {"execution_time": 0.32159852981567383, "passed": true}, "18": {"execution_time": 0.2435932159423828, "passed": true}, "19": {"execution_time": 0.27396225929260254, "passed": true}, "20": {"execution_time": 0.41354846954345703, "passed": true}, "21": {"execution_time": 0.2866959571838379, "passed": true}, "22": {"execution_time": 0.3341197967529297, "passed": true}, "23": {"execution_time": 0.32848405838012695, "passed": true}}}, "check_style_score": "1/1"}