{"version": "1", "message": "ERROR: Hidden Testcases server unreachable.", "problem_id": "ads2_m2_a1_1", "user_id": "Sweety310897", "score": {"sample": {"0": {"execution_time": 0.2657036781311035, "passed": true}, "1": {"execution_time": 0.21075224876403809, "passed": true}, "2": {"execution_time": 0.2371995449066162, "passed": true}, "3": {"execution_time": 0.21751785278320312, "passed": true}, "4": {"execution_time": 0.2738189697265625, "passed": true}, "5": {"execution_time": 0.17928194999694824, "passed": true}, "6": {"execution_time": 0.2074291706085205, "passed": true}, "7": {"execution_time": 0.22264909744262695, "passed": true}, "8": {"execution_time": 0.20059704780578613, "passed": true}, "9": {"execution_time": 0.21597003936767578, "passed": true}, "10": {"execution_time": 0.19501900672912598, "passed": true}, "11": {"execution_time": 0.21560025215148926, "passed": true}, "12": {"execution_time": 0.21355032920837402, "passed": true}, "13": {"execution_time": 0.19887495040893555, "passed": true}, "14": {"execution_time": 0.21075153350830078, "passed": true}, "15": {"execution_time": 0.22600030899047852, "passed": true}, "16": {"execution_time": 0.23421001434326172, "passed": true}, "17": {"execution_time": 0.2706131935119629, "passed": true}, "18": {"execution_time": 0.22597074508666992, "passed": true}, "19": {"execution_time": 0.2538175582885742, "passed": true}, "20": {"execution_time": 0.2990403175354004, "passed": true}, "21": {"execution_time": 0.21567201614379883, "passed": true}, "22": {"execution_time": 0.2899601459503174, "passed": true}, "23": {"execution_time": 0.2454843521118164, "passed": true}}}, "check_style_score": "0/1"}