{"version": "1", "message": "ERROR: Hidden Testcases server unreachable.", "problem_id": "ads2_m2_a1_1", "user_id": "Sweety310897", "score": {"sample": {"0": {"execution_time": 0.2556159496307373, "passed": true}, "1": {"execution_time": 0.17731785774230957, "passed": true}, "2": {"execution_time": 0.1778700351715088, "passed": true}, "3": {"execution_time": 0.1761622428894043, "passed": true}, "4": {"execution_time": 0.17654776573181152, "passed": true}, "5": {"execution_time": 0.19269824028015137, "passed": true}, "6": {"execution_time": 0.1920464038848877, "passed": true}, "7": {"execution_time": 0.2096564769744873, "passed": true}, "8": {"execution_time": 0.17496871948242188, "passed": true}, "9": {"execution_time": 0.17460250854492188, "passed": true}, "10": {"execution_time": 0.1738605499267578, "passed": true}, "11": {"execution_time": 0.1946392059326172, "passed": true}, "12": {"execution_time": 0.19545483589172363, "passed": true}, "13": {"execution_time": 0.1755216121673584, "passed": true}, "14": {"execution_time": 0.17337298393249512, "passed": true}, "15": {"execution_time": 0.22431349754333496, "passed": true}, "16": {"execution_time": 0.19123530387878418, "passed": true}, "17": {"execution_time": 0.2212212085723877, "passed": true}, "18": {"execution_time": 0.20648956298828125, "passed": true}, "19": {"execution_time": 0.23568081855773926, "passed": true}, "20": {"execution_time": 0.25754880905151367, "passed": true}, "21": {"execution_time": 0.17728590965270996, "passed": true}, "22": {"execution_time": 0.2746565341949463, "passed": true}, "23": {"execution_time": 0.28572750091552734, "passed": true}}}, "check_style_score": "1/1"}