{"version": "1", "message": "ERROR: Hidden Testcases server unreachable.", "problem_id": "ads2_m2_a1_1", "user_id": "Sweety310897", "score": {"sample": {"0": {"execution_time": 0.28602147102355957, "passed": true}, "1": {"execution_time": 0.22808146476745605, "passed": true}, "2": {"execution_time": 0.35236096382141113, "passed": true}, "3": {"execution_time": 0.33088016510009766, "passed": true}, "4": {"execution_time": 0.28545618057250977, "passed": true}, "5": {"execution_time": 0.17003941535949707, "passed": true}, "6": {"execution_time": 0.17546987533569336, "passed": true}, "7": {"execution_time": 0.19352984428405762, "passed": true}, "8": {"execution_time": 0.20953583717346191, "passed": true}, "9": {"execution_time": 0.19776558876037598, "passed": true}, "10": {"execution_time": 0.20386266708374023, "passed": true}, "11": {"execution_time": 0.19365787506103516, "passed": true}, "12": {"execution_time": 0.2591891288757324, "passed": true}, "13": {"execution_time": 0.19701385498046875, "passed": true}, "14": {"execution_time": 0.20268797874450684, "passed": true}, "15": {"execution_time": 0.23157334327697754, "passed": true}, "16": {"execution_time": 0.23030304908752441, "passed": true}, "17": {"execution_time": 0.22278118133544922, "passed": true}, "18": {"execution_time": 0.20905566215515137, "passed": true}, "19": {"execution_time": 0.29135680198669434, "passed": true}, "20": {"execution_time": 0.23946762084960938, "passed": true}, "21": {"execution_time": 0.2187337875366211, "passed": true}, "22": {"execution_time": 0.29373621940612793, "passed": true}, "23": {"execution_time": 0.2910635471343994, "passed": true}}}, "check_style_score": "0/1"}