{"version": "1", "message": "ERROR: Hidden Testcases server unreachable.", "problem_id": "ads2_m2_a1_1", "user_id": "Sweety310897", "score": {"sample": {"0": {"execution_time": 0.20991253852844238, "passed": true}, "1": {"execution_time": 0.17434906959533691, "passed": true}, "2": {"execution_time": 0.17629718780517578, "passed": true}, "3": {"execution_time": 0.17683172225952148, "passed": true}, "4": {"execution_time": 0.19303560256958008, "passed": true}, "5": {"execution_time": 0.2245161533355713, "passed": true}, "6": {"execution_time": 0.2276594638824463, "passed": true}, "7": {"execution_time": 0.20740532875061035, "passed": true}, "8": {"execution_time": 0.178175687789917, "passed": true}, "9": {"execution_time": 0.19322514533996582, "passed": true}, "10": {"execution_time": 0.17778611183166504, "passed": true}, "11": {"execution_time": 0.17536211013793945, "passed": true}, "12": {"execution_time": 0.18866896629333496, "passed": true}, "13": {"execution_time": 0.1897115707397461, "passed": true}, "14": {"execution_time": 0.17606663703918457, "passed": true}, "15": {"execution_time": 0.20830440521240234, "passed": true}, "16": {"execution_time": 0.2261524200439453, "passed": true}, "17": {"execution_time": 0.24065065383911133, "passed": true}, "18": {"execution_time": 0.2055835723876953, "passed": true}, "19": {"execution_time": 0.2357347011566162, "passed": true}, "20": {"execution_time": 0.23984527587890625, "passed": true}, "21": {"execution_time": 0.19301223754882812, "passed": true}, "22": {"execution_time": 0.2560145854949951, "passed": true}, "23": {"execution_time": 0.2718064785003662, "passed": true}}}, "check_style_score": "1/1"}