{"version": "1", "message": "ERROR: Hidden Testcases server unreachable.", "problem_id": "ads2_m2_a1_1", "user_id": "Sweety310897", "score": {"sample": {"0": {"execution_time": 0.22450661659240723, "passed": true}, "1": {"execution_time": 0.20940136909484863, "passed": true}, "2": {"execution_time": 0.20933890342712402, "passed": true}, "3": {"execution_time": 0.255875825881958, "passed": true}, "4": {"execution_time": 0.2332901954650879, "passed": true}, "5": {"execution_time": 0.19141364097595215, "passed": true}, "6": {"execution_time": 0.17674946784973145, "passed": true}, "7": {"execution_time": 0.19249343872070312, "passed": true}, "8": {"execution_time": 0.2518784999847412, "passed": true}, "9": {"execution_time": 0.17552828788757324, "passed": true}, "10": {"execution_time": 0.19333171844482422, "passed": true}, "11": {"execution_time": 0.19321727752685547, "passed": true}, "12": {"execution_time": 0.23634886741638184, "passed": true}, "13": {"execution_time": 0.19497895240783691, "passed": true}, "14": {"execution_time": 0.17950057983398438, "passed": true}, "15": {"execution_time": 0.19071197509765625, "passed": true}, "16": {"execution_time": 0.22448039054870605, "passed": true}, "17": {"execution_time": 0.2923107147216797, "passed": true}, "18": {"execution_time": 0.21022915840148926, "passed": true}, "19": {"execution_time": 0.25560498237609863, "passed": true}, "20": {"execution_time": 0.25571155548095703, "passed": true}, "21": {"execution_time": 0.193220853805542, "passed": true}, "22": {"execution_time": 0.2838716506958008, "passed": true}, "23": {"execution_time": 0.26729702949523926, "passed": true}}}, "check_style_score": "1/1"}