{"version": "1", "message": "ERROR: Hidden Testcases server unreachable.", "problem_id": "ads2_m2_a1_1", "user_id": "Sweety310897", "score": {"sample": {"0": {"execution_time": 0.23988986015319824, "passed": true}, "1": {"execution_time": 0.31969285011291504, "passed": true}, "2": {"execution_time": 0.19280672073364258, "passed": true}, "3": {"execution_time": 0.19234156608581543, "passed": true}, "4": {"execution_time": 0.19111227989196777, "passed": true}, "5": {"execution_time": 0.30886077880859375, "passed": true}, "6": {"execution_time": 0.24038481712341309, "passed": true}, "7": {"execution_time": 0.27495527267456055, "passed": true}, "8": {"execution_time": 0.1930544376373291, "passed": true}, "9": {"execution_time": 2.9266679286956787, "passed": true}, "10": {"execution_time": 0.17448854446411133, "passed": true}, "11": {"execution_time": 0.19233345985412598, "passed": true}, "12": {"execution_time": 0.1926286220550537, "passed": true}, "13": {"execution_time": 0.1914818286895752, "passed": true}, "14": {"execution_time": 0.229813814163208, "passed": true}, "15": {"execution_time": 0.21051621437072754, "passed": true}, "16": {"execution_time": 0.21245479583740234, "passed": true}, "17": {"execution_time": 0.23906373977661133, "passed": true}, "18": {"execution_time": 0.2764921188354492, "passed": true}, "19": {"execution_time": 0.29008054733276367, "passed": true}, "20": {"execution_time": 0.23724365234375, "passed": true}, "21": {"execution_time": 1.6457428932189941, "passed": true}, "22": {"execution_time": 0.25090765953063965, "passed": true}, "23": {"execution_time": 0.2832164764404297, "passed": true}}}, "check_style_score": "1/1"}