{"version": "1", "message": "ERROR: Hidden Testcases server unreachable.", "problem_id": "ads2_m2_a1_1", "user_id": "Sweety310897", "score": {"sample": {"0": {"execution_time": 0.2744789123535156, "passed": true}, "1": {"execution_time": 0.2569694519042969, "passed": true}, "2": {"execution_time": 0.22480201721191406, "passed": true}, "3": {"execution_time": 0.19713592529296875, "passed": true}, "4": {"execution_time": 0.21109533309936523, "passed": true}, "5": {"execution_time": 0.2143847942352295, "passed": true}, "6": {"execution_time": 0.20166516304016113, "passed": true}, "7": {"execution_time": 0.24680662155151367, "passed": true}, "8": {"execution_time": 0.17603540420532227, "passed": true}, "9": {"execution_time": 0.23981451988220215, "passed": true}, "10": {"execution_time": 0.28814148902893066, "passed": true}, "11": {"execution_time": 0.21542692184448242, "passed": true}, "12": {"execution_time": 0.2079143524169922, "passed": true}, "13": {"execution_time": 0.23143672943115234, "passed": true}, "14": {"execution_time": 0.19730257987976074, "passed": true}, "15": {"execution_time": 0.20516419410705566, "passed": true}, "16": {"execution_time": 0.21363210678100586, "passed": true}, "17": {"execution_time": 0.22414469718933105, "passed": true}, "18": {"execution_time": 0.3033792972564697, "passed": true}, "19": {"execution_time": 0.22143006324768066, "passed": true}, "20": {"execution_time": 0.30345773696899414, "passed": true}, "21": {"execution_time": 0.22708463668823242, "passed": true}, "22": {"execution_time": 0.2722151279449463, "passed": true}, "23": {"execution_time": 0.3029332160949707, "passed": true}}}, "check_style_score": "0/1"}