{"version": "1", "message": "ERROR: Hidden Testcases server unreachable.", "problem_id": "ads2_m2_a1_1", "user_id": "Sweety310897", "score": {"sample": {"0": {"execution_time": 0.21795964241027832, "passed": true}, "1": {"execution_time": 0.23040294647216797, "passed": true}, "2": {"execution_time": 0.1926116943359375, "passed": true}, "3": {"execution_time": 0.19165825843811035, "passed": true}, "4": {"execution_time": 0.20782160758972168, "passed": true}, "5": {"execution_time": 0.23993802070617676, "passed": true}, "6": {"execution_time": 0.19034934043884277, "passed": true}, "7": {"execution_time": 0.17845511436462402, "passed": true}, "8": {"execution_time": 0.17736530303955078, "passed": true}, "9": {"execution_time": 0.19791269302368164, "passed": true}, "10": {"execution_time": 0.20947504043579102, "passed": true}, "11": {"execution_time": 0.20478367805480957, "passed": true}, "12": {"execution_time": 0.2019040584564209, "passed": true}, "13": {"execution_time": 0.2088007926940918, "passed": true}, "14": {"execution_time": 0.17717933654785156, "passed": true}, "15": {"execution_time": 0.19266057014465332, "passed": true}, "16": {"execution_time": 0.2124481201171875, "passed": true}, "17": {"execution_time": 0.24015522003173828, "passed": true}, "18": {"execution_time": 0.23948240280151367, "passed": true}, "19": {"execution_time": 0.22445082664489746, "passed": true}, "20": {"execution_time": 0.23564600944519043, "passed": true}, "21": {"execution_time": 0.22414779663085938, "passed": true}, "22": {"execution_time": 0.27357983589172363, "passed": true}, "23": {"execution_time": 0.26894426345825195, "passed": true}}}, "check_style_score": "0/1"}