{"version": "1", "message": "ERROR: Hidden Testcases server unreachable.", "problem_id": "ads2_m2_a1_1", "user_id": "Sweety310897", "score": {"sample": {"0": {"execution_time": 0.2597367763519287, "passed": true}, "1": {"execution_time": 0.1708822250366211, "passed": false}, "2": {"execution_time": 0.20576786994934082, "passed": false}, "3": {"execution_time": 0.1951894760131836, "passed": false}, "4": {"execution_time": 0.18979835510253906, "passed": false}, "5": {"execution_time": 0.19631361961364746, "passed": false}, "6": {"execution_time": 0.162797212600708, "passed": false}, "7": {"execution_time": 0.30358362197875977, "passed": false}, "8": {"execution_time": 0.19060969352722168, "passed": false}, "9": {"execution_time": 0.1821587085723877, "passed": false}, "10": {"execution_time": 0.19619345664978027, "passed": false}, "11": {"execution_time": 0.16453981399536133, "passed": false}, "12": {"execution_time": 0.18884825706481934, "passed": false}, "13": {"execution_time": 0.1682569980621338, "passed": false}, "14": {"execution_time": 0.16322875022888184, "passed": false}, "15": {"execution_time": 0.19466757774353027, "passed": false}, "16": {"execution_time": 0.19588422775268555, "passed": false}, "17": {"execution_time": 0.19356250762939453, "passed": false}, "18": {"execution_time": 0.2059638500213623, "passed": false}, "19": {"execution_time": 0.17158746719360352, "passed": false}, "20": {"execution_time": 0.1959056854248047, "passed": false}, "21": {"execution_time": 0.17415213584899902, "passed": false}, "22": {"execution_time": 0.18065834045410156, "passed": false}, "23": {"execution_time": 0.19251179695129395, "passed": false}}}, "check_style_score": "0/1"}