{"version": "1", "message": "ERROR: Hidden Testcases server unreachable.", "problem_id": "ads2_m2_a1_1", "user_id": "Sweety310897", "score": {"sample": {"0": {"execution_time": 0.25394177436828613, "passed": true}, "1": {"execution_time": 0.17589402198791504, "passed": true}, "2": {"execution_time": 0.19599151611328125, "passed": true}, "3": {"execution_time": 0.1822032928466797, "passed": true}, "4": {"execution_time": 0.201873779296875, "passed": true}, "5": {"execution_time": 0.18243074417114258, "passed": true}, "6": {"execution_time": 0.19653868675231934, "passed": true}, "7": {"execution_time": 0.19937467575073242, "passed": true}, "8": {"execution_time": 0.1791822910308838, "passed": true}, "9": {"execution_time": 0.17450332641601562, "passed": true}, "10": {"execution_time": 0.2446424961090088, "passed": true}, "11": {"execution_time": 0.22532892227172852, "passed": true}, "12": {"execution_time": 0.20619630813598633, "passed": true}, "13": {"execution_time": 0.20678067207336426, "passed": true}, "14": {"execution_time": 0.21159911155700684, "passed": true}, "15": {"execution_time": 0.24039053916931152, "passed": true}, "16": {"execution_time": 0.25353217124938965, "passed": true}, "17": {"execution_time": 0.22233796119689941, "passed": true}, "18": {"execution_time": 0.28269195556640625, "passed": true}, "19": {"execution_time": 0.2667374610900879, "passed": true}, "20": {"execution_time": 0.3648495674133301, "passed": true}, "21": {"execution_time": 0.1759047508239746, "passed": true}, "22": {"execution_time": 0.28720593452453613, "passed": true}, "23": {"execution_time": 0.2995307445526123, "passed": true}}}, "check_style_score": "1/1"}