{"version": "1", "message": "ERROR: Hidden Testcases server unreachable.", "problem_id": "ads2_m2_a1_1", "user_id": "Sweety310897", "score": {"sample": {"0": {"execution_time": 0.29120373725891113, "passed": true}, "1": {"execution_time": 0.1948840618133545, "passed": true}, "2": {"execution_time": 0.1757495403289795, "passed": true}, "3": {"execution_time": 0.18296504020690918, "passed": true}, "4": {"execution_time": 0.19621920585632324, "passed": true}, "5": {"execution_time": 0.19657635688781738, "passed": true}, "6": {"execution_time": 0.19300413131713867, "passed": true}, "7": {"execution_time": 0.19240546226501465, "passed": true}, "8": {"execution_time": 0.20794391632080078, "passed": true}, "9": {"execution_time": 0.19253849983215332, "passed": true}, "10": {"execution_time": 0.17862176895141602, "passed": true}, "11": {"execution_time": 0.1925344467163086, "passed": true}, "12": {"execution_time": 0.30957961082458496, "passed": true}, "13": {"execution_time": 0.20926547050476074, "passed": true}, "14": {"execution_time": 0.17622661590576172, "passed": true}, "15": {"execution_time": 0.23181986808776855, "passed": true}, "16": {"execution_time": 0.2392868995666504, "passed": true}, "17": {"execution_time": 0.2713332176208496, "passed": true}, "18": {"execution_time": 0.22135186195373535, "passed": true}, "19": {"execution_time": 0.28775525093078613, "passed": true}, "20": {"execution_time": 0.2518601417541504, "passed": true}, "21": {"execution_time": 0.20823311805725098, "passed": true}, "22": {"execution_time": 0.2535545825958252, "passed": true}, "23": {"execution_time": 0.34154582023620605, "passed": true}}}, "check_style_score": "1/1"}