{"version": "1", "message": "ERROR: Hidden Testcases server unreachable.", "problem_id": "ads2_m2_a1_1", "user_id": "Sweety310897", "score": {"sample": {"0": {"execution_time": 0.19446015357971191, "passed": true}, "1": {"execution_time": 0.19353580474853516, "passed": true}, "2": {"execution_time": 0.18197226524353027, "passed": true}, "3": {"execution_time": 0.20599818229675293, "passed": true}, "4": {"execution_time": 0.23989081382751465, "passed": true}, "5": {"execution_time": 0.21460843086242676, "passed": true}, "6": {"execution_time": 0.1843106746673584, "passed": true}, "7": {"execution_time": 0.17351245880126953, "passed": true}, "8": {"execution_time": 0.17618465423583984, "passed": true}, "9": {"execution_time": 0.17537808418273926, "passed": true}, "10": {"execution_time": 0.173781156539917, "passed": true}, "11": {"execution_time": 0.19199800491333008, "passed": true}, "12": {"execution_time": 0.1762082576751709, "passed": true}, "13": {"execution_time": 0.17665839195251465, "passed": true}, "14": {"execution_time": 0.18079829216003418, "passed": true}, "15": {"execution_time": 0.20486092567443848, "passed": true}, "16": {"execution_time": 0.20602035522460938, "passed": true}, "17": {"execution_time": 0.22498393058776855, "passed": true}, "18": {"execution_time": 0.20706987380981445, "passed": true}, "19": {"execution_time": 0.24079060554504395, "passed": true}, "20": {"execution_time": 0.23744654655456543, "passed": true}, "21": {"execution_time": 0.17990350723266602, "passed": true}, "22": {"execution_time": 0.25342893600463867, "passed": true}, "23": {"execution_time": 0.2923867702484131, "passed": true}}}, "check_style_score": "1/1"}