{"version": "1", "message": "ERROR: Hidden Testcases server unreachable.", "problem_id": "ads2_m2_a1_1", "user_id": "Sweety310897", "score": {"sample": {"0": {"execution_time": 0.2894561290740967, "passed": true}, "1": {"execution_time": 0.19730353355407715, "passed": true}, "2": {"execution_time": 0.1918179988861084, "passed": true}, "3": {"execution_time": 0.19318389892578125, "passed": true}, "4": {"execution_time": 0.208418607711792, "passed": true}, "5": {"execution_time": 0.22409939765930176, "passed": true}, "6": {"execution_time": 0.19529247283935547, "passed": true}, "7": {"execution_time": 0.2115628719329834, "passed": true}, "8": {"execution_time": 0.19698047637939453, "passed": true}, "9": {"execution_time": 0.20917177200317383, "passed": true}, "10": {"execution_time": 0.1931908130645752, "passed": true}, "11": {"execution_time": 0.1935892105102539, "passed": true}, "12": {"execution_time": 0.20904827117919922, "passed": true}, "13": {"execution_time": 0.19472885131835938, "passed": true}, "14": {"execution_time": 0.17946243286132812, "passed": true}, "15": {"execution_time": 0.23970746994018555, "passed": true}, "16": {"execution_time": 0.2199258804321289, "passed": true}, "17": {"execution_time": 0.27753400802612305, "passed": true}, "18": {"execution_time": 0.22521638870239258, "passed": true}, "19": {"execution_time": 0.24027562141418457, "passed": true}, "20": {"execution_time": 0.24071002006530762, "passed": true}, "21": {"execution_time": 0.22490310668945312, "passed": true}, "22": {"execution_time": 0.27475571632385254, "passed": true}, "23": {"execution_time": 0.317363977432251, "passed": true}}}, "check_style_score": "1/1"}