{"version": "1", "message": "ERROR: Hidden Testcases server unreachable.", "problem_id": "ads2_m2_a1_1", "user_id": "Sweety310897", "score": {"sample": {"0": {"execution_time": 0.20845651626586914, "passed": true}, "1": {"execution_time": 0.20902037620544434, "passed": true}, "2": {"execution_time": 0.19223403930664062, "passed": true}, "3": {"execution_time": 0.18409085273742676, "passed": true}, "4": {"execution_time": 0.18755865097045898, "passed": true}, "5": {"execution_time": 0.19886422157287598, "passed": true}, "6": {"execution_time": 0.17533016204833984, "passed": true}, "7": {"execution_time": 0.17647242546081543, "passed": true}, "8": {"execution_time": 0.1741924285888672, "passed": true}, "9": {"execution_time": 0.19134783744812012, "passed": true}, "10": {"execution_time": 0.20737695693969727, "passed": true}, "11": {"execution_time": 0.20706629753112793, "passed": true}, "12": {"execution_time": 0.194197416305542, "passed": true}, "13": {"execution_time": 0.1755998134613037, "passed": true}, "14": {"execution_time": 0.20320725440979004, "passed": true}, "15": {"execution_time": 0.18810272216796875, "passed": true}, "16": {"execution_time": 0.2415177822113037, "passed": true}, "17": {"execution_time": 0.24752116203308105, "passed": true}, "18": {"execution_time": 0.23691940307617188, "passed": true}, "19": {"execution_time": 0.21590304374694824, "passed": true}, "20": {"execution_time": 0.23687481880187988, "passed": true}, "21": {"execution_time": 0.18681621551513672, "passed": true}, "22": {"execution_time": 0.2770075798034668, "passed": true}, "23": {"execution_time": 0.27555322647094727, "passed": true}}}, "check_style_score": "0/1"}