{"version": "1", "message": "ERROR: Hidden Testcases server unreachable.", "problem_id": "ads2_m2_a1_1", "user_id": "Sweety310897", "score": {"sample": {"0": {"execution_time": 0.2287273406982422, "passed": true}, "1": {"execution_time": 0.19486594200134277, "passed": true}, "2": {"execution_time": 0.17890071868896484, "passed": true}, "3": {"execution_time": 0.19918203353881836, "passed": true}, "4": {"execution_time": 0.24699711799621582, "passed": true}, "5": {"execution_time": 0.24115610122680664, "passed": true}, "6": {"execution_time": 0.27294325828552246, "passed": true}, "7": {"execution_time": 0.3593747615814209, "passed": true}, "8": {"execution_time": 0.2578871250152588, "passed": true}, "9": {"execution_time": 0.24064183235168457, "passed": true}, "10": {"execution_time": 0.2019355297088623, "passed": true}, "11": {"execution_time": 0.20914411544799805, "passed": true}, "12": {"execution_time": 0.22965002059936523, "passed": true}, "13": {"execution_time": 0.22550082206726074, "passed": true}, "14": {"execution_time": 0.23049640655517578, "passed": true}, "15": {"execution_time": 0.20837616920471191, "passed": true}, "16": {"execution_time": 0.2724647521972656, "passed": true}, "17": {"execution_time": 0.23105978965759277, "passed": true}, "18": {"execution_time": 0.23163247108459473, "passed": true}, "19": {"execution_time": 0.2711489200592041, "passed": true}, "20": {"execution_time": 0.23636507987976074, "passed": true}, "21": {"execution_time": 0.20535516738891602, "passed": true}, "22": {"execution_time": 0.2943084239959717, "passed": true}, "23": {"execution_time": 0.3182799816131592, "passed": true}}}, "check_style_score": "0/1"}