{"version": "1", "message": "ERROR: Hidden Testcases server unreachable.", "problem_id": "ads2_m2_a1_1", "user_id": "Sweety310897", "score": {"sample": {"0": {"execution_time": 0.26944756507873535, "passed": true}, "1": {"execution_time": 0.23936080932617188, "passed": true}, "2": {"execution_time": 0.1891629695892334, "passed": true}, "3": {"execution_time": 0.18123793601989746, "passed": true}, "4": {"execution_time": 0.17588376998901367, "passed": true}, "5": {"execution_time": 0.20546531677246094, "passed": true}, "6": {"execution_time": 0.19373464584350586, "passed": true}, "7": {"execution_time": 0.19300174713134766, "passed": true}, "8": {"execution_time": 0.27039384841918945, "passed": true}, "9": {"execution_time": 0.17288851737976074, "passed": true}, "10": {"execution_time": 0.2407848834991455, "passed": true}, "11": {"execution_time": 0.2630951404571533, "passed": true}, "12": {"execution_time": 0.22548937797546387, "passed": true}, "13": {"execution_time": 0.19866442680358887, "passed": true}, "14": {"execution_time": 0.17342495918273926, "passed": true}, "15": {"execution_time": 0.24022936820983887, "passed": true}, "16": {"execution_time": 0.2045431137084961, "passed": true}, "17": {"execution_time": 0.22234892845153809, "passed": true}, "18": {"execution_time": 0.34849071502685547, "passed": true}, "19": {"execution_time": 0.3413834571838379, "passed": true}, "20": {"execution_time": 0.2685513496398926, "passed": true}, "21": {"execution_time": 0.225541353225708, "passed": true}, "22": {"execution_time": 0.2852795124053955, "passed": true}, "23": {"execution_time": 0.2893095016479492, "passed": true}}}, "check_style_score": "1/1"}