{"version": "1", "message": "ERROR: Hidden Testcases server unreachable.", "problem_id": "ads2_m2_a1_1", "user_id": "Sweety310897", "score": {"sample": {"0": {"execution_time": 0.240708589553833, "passed": true}, "1": {"execution_time": 0.18019795417785645, "passed": true}, "2": {"execution_time": 0.20891237258911133, "passed": true}, "3": {"execution_time": 0.17348980903625488, "passed": true}, "4": {"execution_time": 0.19287991523742676, "passed": true}, "5": {"execution_time": 0.27147459983825684, "passed": true}, "6": {"execution_time": 0.2894446849822998, "passed": true}, "7": {"execution_time": 0.23819208145141602, "passed": true}, "8": {"execution_time": 0.17901873588562012, "passed": true}, "9": {"execution_time": 0.17384719848632812, "passed": true}, "10": {"execution_time": 0.177839994430542, "passed": true}, "11": {"execution_time": 0.16873383522033691, "passed": true}, "12": {"execution_time": 0.1950376033782959, "passed": true}, "13": {"execution_time": 0.19578075408935547, "passed": true}, "14": {"execution_time": 0.209183931350708, "passed": true}, "15": {"execution_time": 0.21336984634399414, "passed": true}, "16": {"execution_time": 0.24526453018188477, "passed": true}, "17": {"execution_time": 0.2496652603149414, "passed": true}, "18": {"execution_time": 0.23720264434814453, "passed": true}, "19": {"execution_time": 0.2713139057159424, "passed": true}, "20": {"execution_time": 0.25497865676879883, "passed": true}, "21": {"execution_time": 0.17411208152770996, "passed": true}, "22": {"execution_time": 0.4179799556732178, "passed": true}, "23": {"execution_time": 0.30260372161865234, "passed": true}}}, "check_style_score": "0/1"}