{"version": "1", "message": "ERROR: Hidden Testcases server unreachable.", "problem_id": "ads2_m2_a1_1", "user_id": "Sweety310897", "score": {"sample": {"0": {"execution_time": 0.25581955909729004, "passed": true}, "1": {"execution_time": 0.2532172203063965, "passed": true}, "2": {"execution_time": 0.25104379653930664, "passed": true}, "3": {"execution_time": 0.18314218521118164, "passed": true}, "4": {"execution_time": 0.17446613311767578, "passed": true}, "5": {"execution_time": 0.17334818840026855, "passed": true}, "6": {"execution_time": 0.26774024963378906, "passed": true}, "7": {"execution_time": 0.17722773551940918, "passed": true}, "8": {"execution_time": 0.1922917366027832, "passed": true}, "9": {"execution_time": 0.1925039291381836, "passed": true}, "10": {"execution_time": 0.18262720108032227, "passed": true}, "11": {"execution_time": 0.21302080154418945, "passed": true}, "12": {"execution_time": 0.17797374725341797, "passed": true}, "13": {"execution_time": 0.19414281845092773, "passed": true}, "14": {"execution_time": 0.22624754905700684, "passed": true}, "15": {"execution_time": 0.30011558532714844, "passed": true}, "16": {"execution_time": 0.20636987686157227, "passed": true}, "17": {"execution_time": 0.25937461853027344, "passed": true}, "18": {"execution_time": 0.2708256244659424, "passed": true}, "19": {"execution_time": 0.3171379566192627, "passed": true}, "20": {"execution_time": 0.25656604766845703, "passed": true}, "21": {"execution_time": 0.24651432037353516, "passed": true}, "22": {"execution_time": 0.28724193572998047, "passed": true}, "23": {"execution_time": 0.27016186714172363, "passed": true}}}, "check_style_score": "1/1"}