{"version": "1", "message": "ERROR: Hidden Testcases server unreachable.", "problem_id": "ads2_m2_a1_1", "user_id": "Sweety310897", "score": {"sample": {"0": {"execution_time": 0.224609375, "passed": true}, "1": {"execution_time": 0.2093961238861084, "passed": true}, "2": {"execution_time": 0.22405743598937988, "passed": true}, "3": {"execution_time": 0.2563798427581787, "passed": true}, "4": {"execution_time": 0.19481945037841797, "passed": true}, "5": {"execution_time": 0.17704010009765625, "passed": true}, "6": {"execution_time": 0.1752452850341797, "passed": true}, "7": {"execution_time": 0.1749405860900879, "passed": true}, "8": {"execution_time": 0.17392206192016602, "passed": true}, "9": {"execution_time": 0.17551159858703613, "passed": true}, "10": {"execution_time": 0.1845107078552246, "passed": true}, "11": {"execution_time": 0.2051560878753662, "passed": true}, "12": {"execution_time": 0.21226143836975098, "passed": true}, "13": {"execution_time": 0.16814756393432617, "passed": true}, "14": {"execution_time": 0.1835460662841797, "passed": true}, "15": {"execution_time": 0.23907089233398438, "passed": true}, "16": {"execution_time": 0.23982501029968262, "passed": true}, "17": {"execution_time": 0.2563488483428955, "passed": true}, "18": {"execution_time": 0.23908734321594238, "passed": true}, "19": {"execution_time": 0.3498551845550537, "passed": true}, "20": {"execution_time": 0.268993616104126, "passed": true}, "21": {"execution_time": 0.20906400680541992, "passed": true}, "22": {"execution_time": 0.30208849906921387, "passed": true}, "23": {"execution_time": 0.3039374351501465, "passed": true}}}, "check_style_score": "1/1"}