{"version": "1", "message": "ERROR: Hidden Testcases server unreachable.", "problem_id": "ads2_m2_a1_1", "user_id": "Sweety310897", "score": {"sample": {"0": {"execution_time": 0.21634435653686523, "passed": true}, "1": {"execution_time": 0.18534636497497559, "passed": true}, "2": {"execution_time": 0.18747735023498535, "passed": true}, "3": {"execution_time": 0.2079007625579834, "passed": true}, "4": {"execution_time": 0.18098163604736328, "passed": true}, "5": {"execution_time": 0.19552135467529297, "passed": true}, "6": {"execution_time": 0.1905972957611084, "passed": true}, "7": {"execution_time": 0.19185900688171387, "passed": true}, "8": {"execution_time": 0.16694116592407227, "passed": true}, "9": {"execution_time": 0.1838665008544922, "passed": true}, "10": {"execution_time": 0.16274404525756836, "passed": true}, "11": {"execution_time": 0.16799640655517578, "passed": true}, "12": {"execution_time": 0.17809200286865234, "passed": true}, "13": {"execution_time": 0.16519546508789062, "passed": true}, "14": {"execution_time": 0.16711759567260742, "passed": true}, "15": {"execution_time": 0.1934349536895752, "passed": true}, "16": {"execution_time": 0.2062530517578125, "passed": true}, "17": {"execution_time": 0.21373248100280762, "passed": true}, "18": {"execution_time": 0.20305943489074707, "passed": true}, "19": {"execution_time": 0.2387375831604004, "passed": true}, "20": {"execution_time": 0.2501668930053711, "passed": true}, "21": {"execution_time": 0.1737985610961914, "passed": true}, "22": {"execution_time": 0.2934887409210205, "passed": true}, "23": {"execution_time": 0.2575678825378418, "passed": true}}}, "check_style_score": "0/1"}