{"version": "1", "message": "ERROR: Hidden Testcases server unreachable.", "problem_id": "ads2_m2_a1_1", "user_id": "Sweety310897", "score": {"sample": {"0": {"execution_time": 0.2079637050628662, "passed": false}, "1": {"execution_time": 0.19609308242797852, "passed": false}, "2": {"execution_time": 0.17381906509399414, "passed": false}, "3": {"execution_time": 0.21734857559204102, "passed": true}, "4": {"execution_time": 0.1987926959991455, "passed": false}, "5": {"execution_time": 0.18187975883483887, "passed": false}, "6": {"execution_time": 0.1654512882232666, "passed": false}, "7": {"execution_time": 0.1862473487854004, "passed": false}, "8": {"execution_time": 0.17050933837890625, "passed": false}, "9": {"execution_time": 0.15438151359558105, "passed": false}, "10": {"execution_time": 0.18737149238586426, "passed": false}, "11": {"execution_time": 0.15516424179077148, "passed": false}, "12": {"execution_time": 0.19442057609558105, "passed": false}, "13": {"execution_time": 0.17593955993652344, "passed": false}, "14": {"execution_time": 0.1851329803466797, "passed": false}, "15": {"execution_time": 0.2047579288482666, "passed": true}, "16": {"execution_time": 0.1867845058441162, "passed": false}, "17": {"execution_time": 0.18785595893859863, "passed": false}, "18": {"execution_time": 0.23660778999328613, "passed": false}, "19": {"execution_time": 0.18719196319580078, "passed": false}, "20": {"execution_time": 0.17624402046203613, "passed": false}, "21": {"execution_time": 0.17199468612670898, "passed": false}, "22": {"execution_time": 0.18503212928771973, "passed": false}, "23": {"execution_time": 0.17688298225402832, "passed": false}}}, "check_style_score": "0/1"}