{"version": "1", "message": "ERROR: Hidden Testcases server unreachable.", "problem_id": "ads2_m2_a1_1", "user_id": "Sweety310897", "score": {"sample": {"0": {"execution_time": 0.26264429092407227, "passed": true}, "1": {"execution_time": 0.20619726181030273, "passed": true}, "2": {"execution_time": 0.19341611862182617, "passed": true}, "3": {"execution_time": 0.20104742050170898, "passed": true}, "4": {"execution_time": 0.18284130096435547, "passed": true}, "5": {"execution_time": 0.1737053394317627, "passed": true}, "6": {"execution_time": 0.18781208992004395, "passed": true}, "7": {"execution_time": 0.21647214889526367, "passed": true}, "8": {"execution_time": 0.21009159088134766, "passed": true}, "9": {"execution_time": 0.20304656028747559, "passed": true}, "10": {"execution_time": 0.16121959686279297, "passed": true}, "11": {"execution_time": 0.19350814819335938, "passed": true}, "12": {"execution_time": 0.16972136497497559, "passed": true}, "13": {"execution_time": 0.1701500415802002, "passed": true}, "14": {"execution_time": 0.16924738883972168, "passed": true}, "15": {"execution_time": 0.18759965896606445, "passed": true}, "16": {"execution_time": 0.21554827690124512, "passed": true}, "17": {"execution_time": 0.23946404457092285, "passed": true}, "18": {"execution_time": 0.2372446060180664, "passed": true}, "19": {"execution_time": 0.24062442779541016, "passed": true}, "20": {"execution_time": 0.21687674522399902, "passed": true}, "21": {"execution_time": 0.17789244651794434, "passed": true}, "22": {"execution_time": 0.28966808319091797, "passed": true}, "23": {"execution_time": 0.27227306365966797, "passed": true}}}, "check_style_score": "0/1"}