{"version": "1", "message": "ERROR: Hidden Testcases server unreachable.", "problem_id": "ads2_m2_a1_1", "user_id": "Sweety310897", "score": {"sample": {"0": {"execution_time": 0.22296357154846191, "passed": true}, "1": {"execution_time": 0.23455548286437988, "passed": true}, "2": {"execution_time": 0.21148347854614258, "passed": true}, "3": {"execution_time": 0.22834205627441406, "passed": true}, "4": {"execution_time": 0.21495842933654785, "passed": true}, "5": {"execution_time": 0.18384623527526855, "passed": true}, "6": {"execution_time": 0.19997549057006836, "passed": true}, "7": {"execution_time": 0.21258783340454102, "passed": true}, "8": {"execution_time": 0.1788015365600586, "passed": true}, "9": {"execution_time": 0.214674711227417, "passed": true}, "10": {"execution_time": 0.19218039512634277, "passed": true}, "11": {"execution_time": 0.21500492095947266, "passed": true}, "12": {"execution_time": 0.17868304252624512, "passed": true}, "13": {"execution_time": 0.19715666770935059, "passed": true}, "14": {"execution_time": 0.19304180145263672, "passed": true}, "15": {"execution_time": 0.23241305351257324, "passed": true}, "16": {"execution_time": 0.20802569389343262, "passed": true}, "17": {"execution_time": 0.26769351959228516, "passed": true}, "18": {"execution_time": 0.24917912483215332, "passed": true}, "19": {"execution_time": 0.2559084892272949, "passed": true}, "20": {"execution_time": 0.2528808116912842, "passed": true}, "21": {"execution_time": 0.19150686264038086, "passed": true}, "22": {"execution_time": 0.255206823348999, "passed": true}, "23": {"execution_time": 0.27036118507385254, "passed": true}}}, "check_style_score": "0/1"}