{"version": "1", "message": "ERROR: Hidden Testcases server unreachable.", "problem_id": "ads2_m2_a1_1", "user_id": "Sweety310897", "score": {"sample": {"0": {"execution_time": 0.25535106658935547, "passed": true}, "1": {"execution_time": 0.17691922187805176, "passed": true}, "2": {"execution_time": 0.17609882354736328, "passed": true}, "3": {"execution_time": 0.1787855625152588, "passed": true}, "4": {"execution_time": 0.19826602935791016, "passed": true}, "5": {"execution_time": 0.18118929862976074, "passed": true}, "6": {"execution_time": 0.17500853538513184, "passed": true}, "7": {"execution_time": 0.22466444969177246, "passed": true}, "8": {"execution_time": 0.23029255867004395, "passed": true}, "9": {"execution_time": 0.17344212532043457, "passed": true}, "10": {"execution_time": 0.19339942932128906, "passed": true}, "11": {"execution_time": 0.19549250602722168, "passed": true}, "12": {"execution_time": 0.23981809616088867, "passed": true}, "13": {"execution_time": 0.20932841300964355, "passed": true}, "14": {"execution_time": 0.19339776039123535, "passed": true}, "15": {"execution_time": 0.22391510009765625, "passed": true}, "16": {"execution_time": 0.3775308132171631, "passed": true}, "17": {"execution_time": 0.25666069984436035, "passed": true}, "18": {"execution_time": 0.27129697799682617, "passed": true}, "19": {"execution_time": 0.36105871200561523, "passed": true}, "20": {"execution_time": 0.2985200881958008, "passed": true}, "21": {"execution_time": 0.20832157135009766, "passed": true}, "22": {"execution_time": 0.2708606719970703, "passed": true}, "23": {"execution_time": 0.2870175838470459, "passed": true}}}, "check_style_score": "1/1"}