{"version": "1", "message": "ERROR: Hidden Testcases server unreachable.", "problem_id": "ads2_m2_a1_1", "user_id": "Sweety310897", "score": {"sample": {"0": {"execution_time": 0.2596094608306885, "passed": true}, "1": {"execution_time": 0.1886739730834961, "passed": true}, "2": {"execution_time": 0.2395329475402832, "passed": true}, "3": {"execution_time": 0.19301676750183105, "passed": true}, "4": {"execution_time": 0.20197725296020508, "passed": true}, "5": {"execution_time": 0.19435906410217285, "passed": true}, "6": {"execution_time": 0.1770026683807373, "passed": true}, "7": {"execution_time": 0.17499947547912598, "passed": true}, "8": {"execution_time": 0.31976842880249023, "passed": true}, "9": {"execution_time": 0.17445087432861328, "passed": true}, "10": {"execution_time": 0.244612455368042, "passed": true}, "11": {"execution_time": 0.31044936180114746, "passed": true}, "12": {"execution_time": 0.23462510108947754, "passed": true}, "13": {"execution_time": 0.24044036865234375, "passed": true}, "14": {"execution_time": 0.19280219078063965, "passed": true}, "15": {"execution_time": 0.22692084312438965, "passed": true}, "16": {"execution_time": 0.20788121223449707, "passed": true}, "17": {"execution_time": 0.24047136306762695, "passed": true}, "18": {"execution_time": 0.24009919166564941, "passed": true}, "19": {"execution_time": 0.25974249839782715, "passed": true}, "20": {"execution_time": 0.30860376358032227, "passed": true}, "21": {"execution_time": 0.19133400917053223, "passed": true}, "22": {"execution_time": 0.26890063285827637, "passed": true}, "23": {"execution_time": 0.2835273742675781, "passed": true}}}, "check_style_score": "1/1"}