{"version": "1", "message": "ERROR: Hidden Testcases server unreachable.", "problem_id": "ads2_m2_a1_1", "user_id": "Sweety310897", "score": {"sample": {"0": {"execution_time": 0.25716686248779297, "passed": true}, "1": {"execution_time": 0.2048015594482422, "passed": true}, "2": {"execution_time": 0.20969247817993164, "passed": true}, "3": {"execution_time": 0.3358170986175537, "passed": true}, "4": {"execution_time": 0.18813419342041016, "passed": true}, "5": {"execution_time": 0.1952378749847412, "passed": true}, "6": {"execution_time": 0.18315553665161133, "passed": true}, "7": {"execution_time": 0.18561792373657227, "passed": true}, "8": {"execution_time": 0.20115995407104492, "passed": true}, "9": {"execution_time": 0.18605327606201172, "passed": true}, "10": {"execution_time": 0.20988750457763672, "passed": true}, "11": {"execution_time": 0.23101425170898438, "passed": true}, "12": {"execution_time": 0.2250077724456787, "passed": true}, "13": {"execution_time": 0.23012590408325195, "passed": true}, "14": {"execution_time": 0.20165610313415527, "passed": true}, "15": {"execution_time": 0.21813583374023438, "passed": true}, "16": {"execution_time": 0.21543478965759277, "passed": true}, "17": {"execution_time": 0.2651102542877197, "passed": true}, "18": {"execution_time": 0.22434234619140625, "passed": true}, "19": {"execution_time": 0.2605562210083008, "passed": true}, "20": {"execution_time": 0.24319863319396973, "passed": true}, "21": {"execution_time": 0.19040751457214355, "passed": true}, "22": {"execution_time": 0.268965482711792, "passed": true}, "23": {"execution_time": 0.2541229724884033, "passed": true}}}, "check_style_score": "0/1"}