{"version": "1", "message": "ERROR: Hidden Testcases server unreachable.", "problem_id": "ads2_m2_a1_1", "user_id": "Sweety310897", "score": {"sample": {"0": {"execution_time": 0.23003244400024414, "passed": true}, "1": {"execution_time": 0.20326828956604004, "passed": false}, "2": {"execution_time": 0.17615008354187012, "passed": false}, "3": {"execution_time": 0.21665120124816895, "passed": true}, "4": {"execution_time": 0.21595120429992676, "passed": false}, "5": {"execution_time": 0.2010197639465332, "passed": false}, "6": {"execution_time": 0.16914868354797363, "passed": false}, "7": {"execution_time": 0.21264243125915527, "passed": false}, "8": {"execution_time": 0.16506314277648926, "passed": false}, "9": {"execution_time": 0.18631958961486816, "passed": false}, "10": {"execution_time": 0.16195154190063477, "passed": false}, "11": {"execution_time": 0.17894721031188965, "passed": false}, "12": {"execution_time": 0.17485928535461426, "passed": false}, "13": {"execution_time": 0.2081754207611084, "passed": false}, "14": {"execution_time": 0.16694402694702148, "passed": false}, "15": {"execution_time": 0.19151854515075684, "passed": false}, "16": {"execution_time": 0.1770009994506836, "passed": false}, "17": {"execution_time": 0.16655802726745605, "passed": false}, "18": {"execution_time": 0.18714237213134766, "passed": false}, "19": {"execution_time": 0.16324830055236816, "passed": false}, "20": {"execution_time": 0.18631315231323242, "passed": false}, "21": {"execution_time": 0.18580198287963867, "passed": false}, "22": {"execution_time": 0.16794657707214355, "passed": false}, "23": {"execution_time": 0.17649507522583008, "passed": false}}}, "check_style_score": "0/1"}