{"version": "1", "message": "ERROR: Hidden Testcases server unreachable.", "problem_id": "ads2_m2_a1_1", "user_id": "Sweety310897", "score": {"sample": {"0": {"execution_time": 0.23124098777770996, "passed": true}, "1": {"execution_time": 0.17925810813903809, "passed": true}, "2": {"execution_time": 0.20119309425354004, "passed": true}, "3": {"execution_time": 0.19933128356933594, "passed": true}, "4": {"execution_time": 0.18375802040100098, "passed": true}, "5": {"execution_time": 0.19810128211975098, "passed": true}, "6": {"execution_time": 0.21291875839233398, "passed": true}, "7": {"execution_time": 0.2574429512023926, "passed": true}, "8": {"execution_time": 0.2193162441253662, "passed": true}, "9": {"execution_time": 0.19954848289489746, "passed": true}, "10": {"execution_time": 0.18022656440734863, "passed": true}, "11": {"execution_time": 0.1944894790649414, "passed": true}, "12": {"execution_time": 0.18434572219848633, "passed": true}, "13": {"execution_time": 0.21393179893493652, "passed": true}, "14": {"execution_time": 0.17815637588500977, "passed": true}, "15": {"execution_time": 0.18973469734191895, "passed": true}, "16": {"execution_time": 0.22892475128173828, "passed": true}, "17": {"execution_time": 0.30106353759765625, "passed": true}, "18": {"execution_time": 0.2240900993347168, "passed": true}, "19": {"execution_time": 0.23989081382751465, "passed": true}, "20": {"execution_time": 0.2367849349975586, "passed": true}, "21": {"execution_time": 0.20032024383544922, "passed": true}, "22": {"execution_time": 0.2623405456542969, "passed": true}, "23": {"execution_time": 0.27448463439941406, "passed": true}}}, "check_style_score": "0/1"}