{"version": "1", "message": "ERROR: Hidden Testcases server unreachable.", "problem_id": "ads2_m2_a1_1", "user_id": "Sweety310897", "score": {"sample": {"0": {"execution_time": 0.22905611991882324, "passed": true}, "1": {"execution_time": 0.3071603775024414, "passed": true}, "2": {"execution_time": 0.18749618530273438, "passed": true}, "3": {"execution_time": 0.1938459873199463, "passed": true}, "4": {"execution_time": 0.21709108352661133, "passed": true}, "5": {"execution_time": 0.22810578346252441, "passed": true}, "6": {"execution_time": 0.21184158325195312, "passed": true}, "7": {"execution_time": 0.23433279991149902, "passed": true}, "8": {"execution_time": 0.21123313903808594, "passed": true}, "9": {"execution_time": 0.18739962577819824, "passed": true}, "10": {"execution_time": 0.21072816848754883, "passed": true}, "11": {"execution_time": 0.2296597957611084, "passed": true}, "12": {"execution_time": 0.21394705772399902, "passed": true}, "13": {"execution_time": 0.18226075172424316, "passed": true}, "14": {"execution_time": 0.19829583168029785, "passed": true}, "15": {"execution_time": 0.20561909675598145, "passed": true}, "16": {"execution_time": 0.20682525634765625, "passed": true}, "17": {"execution_time": 0.25570130348205566, "passed": true}, "18": {"execution_time": 0.20954465866088867, "passed": true}, "19": {"execution_time": 0.36246395111083984, "passed": true}, "20": {"execution_time": 0.26093149185180664, "passed": true}, "21": {"execution_time": 0.31383538246154785, "passed": true}, "22": {"execution_time": 0.27190399169921875, "passed": true}, "23": {"execution_time": 0.2812385559082031, "passed": true}}}, "check_style_score": "0/1"}