{"version": "1", "message": "ERROR: Hidden Testcases server unreachable.", "problem_id": "ads2_m2_a1_1", "user_id": "Sweety310897", "score": {"sample": {"0": {"execution_time": 0.27591943740844727, "passed": true}, "1": {"execution_time": 0.2565956115722656, "passed": true}, "2": {"execution_time": 0.19069600105285645, "passed": true}, "3": {"execution_time": 0.18557429313659668, "passed": true}, "4": {"execution_time": 0.16845393180847168, "passed": true}, "5": {"execution_time": 0.318248987197876, "passed": true}, "6": {"execution_time": 0.20864462852478027, "passed": true}, "7": {"execution_time": 0.19249820709228516, "passed": true}, "8": {"execution_time": 0.1938464641571045, "passed": true}, "9": {"execution_time": 0.19347739219665527, "passed": true}, "10": {"execution_time": 0.1781775951385498, "passed": true}, "11": {"execution_time": 0.20572972297668457, "passed": true}, "12": {"execution_time": 0.18749785423278809, "passed": true}, "13": {"execution_time": 0.17341923713684082, "passed": true}, "14": {"execution_time": 0.19213247299194336, "passed": true}, "15": {"execution_time": 0.17969083786010742, "passed": true}, "16": {"execution_time": 0.2835693359375, "passed": true}, "17": {"execution_time": 0.2879977226257324, "passed": true}, "18": {"execution_time": 0.2871263027191162, "passed": true}, "19": {"execution_time": 0.2561497688293457, "passed": true}, "20": {"execution_time": 0.25139737129211426, "passed": true}, "21": {"execution_time": 0.21219944953918457, "passed": true}, "22": {"execution_time": 0.2752411365509033, "passed": true}, "23": {"execution_time": 0.30049729347229004, "passed": true}}}, "check_style_score": "1/1"}