{"version": "1", "message": "ERROR: Hidden Testcases server unreachable.", "problem_id": "ads2_m2_a1_1", "user_id": "Sweety310897", "score": {"sample": {"0": {"execution_time": 0.28519606590270996, "passed": true}, "1": {"execution_time": 0.21218633651733398, "passed": true}, "2": {"execution_time": 0.20544052124023438, "passed": true}, "3": {"execution_time": 0.20965027809143066, "passed": true}, "4": {"execution_time": 0.19739556312561035, "passed": true}, "5": {"execution_time": 0.23000311851501465, "passed": true}, "6": {"execution_time": 0.20027565956115723, "passed": true}, "7": {"execution_time": 0.21287250518798828, "passed": true}, "8": {"execution_time": 0.179182767868042, "passed": true}, "9": {"execution_time": 0.18060016632080078, "passed": true}, "10": {"execution_time": 0.17952346801757812, "passed": true}, "11": {"execution_time": 0.18416094779968262, "passed": true}, "12": {"execution_time": 0.1840977668762207, "passed": true}, "13": {"execution_time": 0.18950557708740234, "passed": true}, "14": {"execution_time": 0.18549489974975586, "passed": true}, "15": {"execution_time": 0.2036268711090088, "passed": true}, "16": {"execution_time": 0.19433236122131348, "passed": true}, "17": {"execution_time": 0.2257986068725586, "passed": true}, "18": {"execution_time": 0.21122241020202637, "passed": true}, "19": {"execution_time": 0.24581694602966309, "passed": true}, "20": {"execution_time": 0.25771069526672363, "passed": true}, "21": {"execution_time": 0.1755971908569336, "passed": true}, "22": {"execution_time": 0.30853700637817383, "passed": true}, "23": {"execution_time": 0.29956746101379395, "passed": true}}}, "check_style_score": "0/1"}