{"version": "1", "message": "ERROR: Hidden Testcases server unreachable.", "problem_id": "ads2_m2_a1_1", "user_id": "Sweety310897", "score": {"sample": {"0": {"execution_time": 0.22124099731445312, "passed": true}, "1": {"execution_time": 0.2860991954803467, "passed": true}, "2": {"execution_time": 0.21053862571716309, "passed": true}, "3": {"execution_time": 0.22866320610046387, "passed": true}, "4": {"execution_time": 0.22533440589904785, "passed": true}, "5": {"execution_time": 0.18701505661010742, "passed": true}, "6": {"execution_time": 0.3150522708892822, "passed": true}, "7": {"execution_time": 0.19108271598815918, "passed": true}, "8": {"execution_time": 0.23949718475341797, "passed": true}, "9": {"execution_time": 0.1958632469177246, "passed": true}, "10": {"execution_time": 0.20816493034362793, "passed": true}, "11": {"execution_time": 0.20935559272766113, "passed": true}, "12": {"execution_time": 0.1928117275238037, "passed": true}, "13": {"execution_time": 0.20921874046325684, "passed": true}, "14": {"execution_time": 0.19345378875732422, "passed": true}, "15": {"execution_time": 0.22440075874328613, "passed": true}, "16": {"execution_time": 0.22318720817565918, "passed": true}, "17": {"execution_time": 0.2865886688232422, "passed": true}, "18": {"execution_time": 0.2558779716491699, "passed": true}, "19": {"execution_time": 0.2560734748840332, "passed": true}, "20": {"execution_time": 0.25644826889038086, "passed": true}, "21": {"execution_time": 0.20937132835388184, "passed": true}, "22": {"execution_time": 0.2939634323120117, "passed": true}, "23": {"execution_time": 0.2721598148345947, "passed": true}}}, "check_style_score": "1/1"}