{"version": "1", "message": "ERROR: Hidden Testcases server unreachable.", "problem_id": "ads2_m2_a1_1", "user_id": "Sweety310897", "score": {"sample": {"0": {"execution_time": 0.2403411865234375, "passed": true}, "1": {"execution_time": 0.20194077491760254, "passed": true}, "2": {"execution_time": 0.19235920906066895, "passed": true}, "3": {"execution_time": 0.19400906562805176, "passed": true}, "4": {"execution_time": 0.19660139083862305, "passed": true}, "5": {"execution_time": 0.19288969039916992, "passed": true}, "6": {"execution_time": 0.16042304039001465, "passed": true}, "7": {"execution_time": 0.1931297779083252, "passed": true}, "8": {"execution_time": 0.20834970474243164, "passed": true}, "9": {"execution_time": 0.19501042366027832, "passed": true}, "10": {"execution_time": 0.176804780960083, "passed": true}, "11": {"execution_time": 0.19301366806030273, "passed": true}, "12": {"execution_time": 0.20869922637939453, "passed": true}, "13": {"execution_time": 0.17508721351623535, "passed": true}, "14": {"execution_time": 0.17717456817626953, "passed": true}, "15": {"execution_time": 0.22449994087219238, "passed": true}, "16": {"execution_time": 0.24084210395812988, "passed": true}, "17": {"execution_time": 0.23926973342895508, "passed": true}, "18": {"execution_time": 0.2555513381958008, "passed": true}, "19": {"execution_time": 0.25486063957214355, "passed": true}, "20": {"execution_time": 0.25118327140808105, "passed": true}, "21": {"execution_time": 0.1980268955230713, "passed": true}, "22": {"execution_time": 0.29638218879699707, "passed": true}, "23": {"execution_time": 0.3590993881225586, "passed": true}}}, "check_style_score": "1/1"}