{"version": "1", "message": "ERROR: Hidden Testcases server unreachable.", "problem_id": "ads2_m2_a1_1", "user_id": "Sweety310897", "score": {"sample": {"0": {"execution_time": 0.2713508605957031, "passed": true}, "1": {"execution_time": 0.21558189392089844, "passed": false}, "2": {"execution_time": 0.18854260444641113, "passed": false}, "3": {"execution_time": 0.23708629608154297, "passed": false}, "4": {"execution_time": 0.17717719078063965, "passed": false}, "5": {"execution_time": 0.17490792274475098, "passed": false}, "6": {"execution_time": 0.16522479057312012, "passed": false}, "7": {"execution_time": 0.19056320190429688, "passed": false}, "8": {"execution_time": 0.18793821334838867, "passed": false}, "9": {"execution_time": 0.16477680206298828, "passed": false}, "10": {"execution_time": 0.2063896656036377, "passed": false}, "11": {"execution_time": 0.16411471366882324, "passed": false}, "12": {"execution_time": 0.17780256271362305, "passed": false}, "13": {"execution_time": 0.18587565422058105, "passed": false}, "14": {"execution_time": 0.1769876480102539, "passed": false}, "15": {"execution_time": 0.17739462852478027, "passed": false}, "16": {"execution_time": 0.18723821640014648, "passed": false}, "17": {"execution_time": 0.1864776611328125, "passed": false}, "18": {"execution_time": 0.22786545753479004, "passed": false}, "19": {"execution_time": 0.19845795631408691, "passed": false}, "20": {"execution_time": 0.1550917625427246, "passed": false}, "21": {"execution_time": 0.17769360542297363, "passed": false}, "22": {"execution_time": 0.18617510795593262, "passed": false}, "23": {"execution_time": 0.16528940200805664, "passed": false}}}, "check_style_score": "0/1"}