{"version": "1", "message": "ERROR: Hidden Testcases server unreachable.", "problem_id": "ads2_m2_a1_1", "user_id": "Sweety310897", "score": {"sample": {"0": {"execution_time": 0.25518369674682617, "passed": true}, "1": {"execution_time": 0.19318485260009766, "passed": true}, "2": {"execution_time": 0.16642332077026367, "passed": true}, "3": {"execution_time": 0.1938323974609375, "passed": true}, "4": {"execution_time": 0.19386911392211914, "passed": true}, "5": {"execution_time": 0.19300627708435059, "passed": true}, "6": {"execution_time": 0.1896352767944336, "passed": true}, "7": {"execution_time": 0.19022750854492188, "passed": true}, "8": {"execution_time": 0.20354175567626953, "passed": true}, "9": {"execution_time": 0.19150996208190918, "passed": true}, "10": {"execution_time": 0.17601680755615234, "passed": true}, "11": {"execution_time": 0.17557978630065918, "passed": true}, "12": {"execution_time": 0.17897629737854004, "passed": true}, "13": {"execution_time": 0.21308112144470215, "passed": true}, "14": {"execution_time": 0.21104812622070312, "passed": true}, "15": {"execution_time": 0.19720983505249023, "passed": true}, "16": {"execution_time": 0.20223093032836914, "passed": true}, "17": {"execution_time": 0.24745965003967285, "passed": true}, "18": {"execution_time": 0.2756807804107666, "passed": true}, "19": {"execution_time": 0.212111234664917, "passed": true}, "20": {"execution_time": 0.31633996963500977, "passed": true}, "21": {"execution_time": 0.1931905746459961, "passed": true}, "22": {"execution_time": 0.27150583267211914, "passed": true}, "23": {"execution_time": 0.2685720920562744, "passed": true}}}, "check_style_score": "0/1"}