{"version": "1", "message": "ERROR: Hidden Testcases server unreachable.", "problem_id": "ads2_m2_a1_1", "user_id": "Sweety310897", "score": {"sample": {"0": {"execution_time": 0.24246907234191895, "passed": true}, "1": {"execution_time": 0.19348526000976562, "passed": true}, "2": {"execution_time": 0.2814357280731201, "passed": true}, "3": {"execution_time": 0.19289183616638184, "passed": true}, "4": {"execution_time": 0.19361186027526855, "passed": true}, "5": {"execution_time": 0.1741933822631836, "passed": true}, "6": {"execution_time": 0.17287683486938477, "passed": true}, "7": {"execution_time": 0.1790921688079834, "passed": true}, "8": {"execution_time": 0.2882716655731201, "passed": true}, "9": {"execution_time": 0.25527262687683105, "passed": true}, "10": {"execution_time": 0.214158296585083, "passed": true}, "11": {"execution_time": 0.19330191612243652, "passed": true}, "12": {"execution_time": 0.19302582740783691, "passed": true}, "13": {"execution_time": 0.206315279006958, "passed": true}, "14": {"execution_time": 0.21648621559143066, "passed": true}, "15": {"execution_time": 0.2983822822570801, "passed": true}, "16": {"execution_time": 0.20683765411376953, "passed": true}, "17": {"execution_time": 0.30672693252563477, "passed": true}, "18": {"execution_time": 0.19590067863464355, "passed": true}, "19": {"execution_time": 0.3743443489074707, "passed": true}, "20": {"execution_time": 0.30269479751586914, "passed": true}, "21": {"execution_time": 0.18089675903320312, "passed": true}, "22": {"execution_time": 0.2538769245147705, "passed": true}, "23": {"execution_time": 0.3196218013763428, "passed": true}}}, "check_style_score": "1/1"}