{"version": "1", "message": "ERROR: Hidden Testcases server unreachable.", "problem_id": "ads2_m2_a1_1", "user_id": "Sweety310897", "score": {"sample": {"0": {"execution_time": 0.27538561820983887, "passed": true}, "1": {"execution_time": 0.1994187831878662, "passed": true}, "2": {"execution_time": 0.18058562278747559, "passed": true}, "3": {"execution_time": 0.21534419059753418, "passed": true}, "4": {"execution_time": 0.24486422538757324, "passed": true}, "5": {"execution_time": 0.2283167839050293, "passed": true}, "6": {"execution_time": 0.24564290046691895, "passed": true}, "7": {"execution_time": 0.24561095237731934, "passed": true}, "8": {"execution_time": 0.2637004852294922, "passed": true}, "9": {"execution_time": 0.25388097763061523, "passed": true}, "10": {"execution_time": 0.19882702827453613, "passed": true}, "11": {"execution_time": 0.19746065139770508, "passed": true}, "12": {"execution_time": 0.19501829147338867, "passed": true}, "13": {"execution_time": 0.18365263938903809, "passed": true}, "14": {"execution_time": 0.18106818199157715, "passed": true}, "15": {"execution_time": 0.2449650764465332, "passed": true}, "16": {"execution_time": 0.23009896278381348, "passed": true}, "17": {"execution_time": 0.26145291328430176, "passed": true}, "18": {"execution_time": 0.23182964324951172, "passed": true}, "19": {"execution_time": 0.28853344917297363, "passed": true}, "20": {"execution_time": 0.28884243965148926, "passed": true}, "21": {"execution_time": 0.2625236511230469, "passed": true}, "22": {"execution_time": 0.30419278144836426, "passed": true}, "23": {"execution_time": 0.3546168804168701, "passed": true}}}, "check_style_score": "0/1"}