{"version": "1", "message": "ERROR: Hidden Testcases server unreachable.", "problem_id": "ads2_m2_a1_1", "user_id": "Sweety310897", "score": {"sample": {"0": {"execution_time": 0.2754395008087158, "passed": true}, "1": {"execution_time": 0.21804141998291016, "passed": true}, "2": {"execution_time": 0.1751718521118164, "passed": true}, "3": {"execution_time": 0.16869616508483887, "passed": true}, "4": {"execution_time": 0.1929616928100586, "passed": true}, "5": {"execution_time": 0.19373846054077148, "passed": true}, "6": {"execution_time": 0.20897936820983887, "passed": true}, "7": {"execution_time": 0.19345355033874512, "passed": true}, "8": {"execution_time": 0.17640161514282227, "passed": true}, "9": {"execution_time": 0.16569209098815918, "passed": true}, "10": {"execution_time": 0.28486084938049316, "passed": true}, "11": {"execution_time": 0.19287657737731934, "passed": true}, "12": {"execution_time": 0.229095458984375, "passed": true}, "13": {"execution_time": 0.20958352088928223, "passed": true}, "14": {"execution_time": 0.20972418785095215, "passed": true}, "15": {"execution_time": 0.21954703330993652, "passed": true}, "16": {"execution_time": 0.2060835361480713, "passed": true}, "17": {"execution_time": 0.27153587341308594, "passed": true}, "18": {"execution_time": 0.20612764358520508, "passed": true}, "19": {"execution_time": 0.2557518482208252, "passed": true}, "20": {"execution_time": 0.3190467357635498, "passed": true}, "21": {"execution_time": 0.2276918888092041, "passed": true}, "22": {"execution_time": 0.28371262550354004, "passed": true}, "23": {"execution_time": 0.276233434677124, "passed": true}}}, "check_style_score": "1/1"}