{"version": "1", "message": "ERROR: Hidden Testcases server unreachable.", "problem_id": "ads2_m4_a1_1", "user_id": "Sweety310897", "score": {"sample": {"0": {"execution_time": 0.2586476802825928, "passed": true}, "1": {"execution_time": 0.2720763683319092, "passed": true}, "2": {"execution_time": 0.2982347011566162, "passed": true}, "3": {"execution_time": 0.31408119201660156, "passed": true}, "4": {"execution_time": 0.2221689224243164, "passed": true}, "5": {"execution_time": 0.23894619941711426, "passed": true}, "6": {"execution_time": 0.2446131706237793, "passed": true}, "7": {"execution_time": 0.26787447929382324, "passed": true}, "8": {"execution_time": 0.23846030235290527, "passed": true}, "9": {"execution_time": 0.19797921180725098, "passed": true}, "10": {"execution_time": 0.20444488525390625, "passed": true}, "11": {"execution_time": 0.20378589630126953, "passed": true}, "12": {"execution_time": 0.220259428024292, "passed": true}, "13": {"execution_time": 1.3782799243927002, "passed": true}, "14": {"execution_time": 0.24648284912109375, "passed": true}}}, "check_style_score": "1/1"}