{"version": "1", "message": "ERROR: Hidden Testcases server unreachable.", "problem_id": "ads2_m4_a1_1", "user_id": "Sweety310897", "score": {"sample": {"0": {"execution_time": 0.3381965160369873, "passed": true}, "1": {"execution_time": 0.3544425964355469, "passed": true}, "2": {"execution_time": 0.3029322624206543, "passed": true}, "3": {"execution_time": 0.36430835723876953, "passed": true}, "4": {"execution_time": 0.2538425922393799, "passed": true}, "5": {"execution_time": 0.2622971534729004, "passed": true}, "6": {"execution_time": 0.21581554412841797, "passed": true}, "7": {"execution_time": 0.22996735572814941, "passed": true}, "8": {"execution_time": 0.33248353004455566, "passed": true}, "9": {"execution_time": 0.2874572277069092, "passed": true}, "10": {"execution_time": 0.2252647876739502, "passed": true}, "11": {"execution_time": 0.25963306427001953, "passed": true}, "12": {"execution_time": 0.22897124290466309, "passed": true}, "13": {"execution_time": 1.5265202522277832, "passed": true}, "14": {"execution_time": 0.25682592391967773, "passed": true}}}, "check_style_score": "1/1"}