{"version": "1", "message": "ERROR: Hidden Testcases server unreachable.", "problem_id": "ads2_m4_a1_1", "user_id": "Sweety310897", "score": {"sample": {"0": {"execution_time": 0.2687571048736572, "passed": false}, "1": {"execution_time": 0.2289433479309082, "passed": false}, "2": {"execution_time": 0.2432262897491455, "passed": false}, "3": {"execution_time": 0.2575511932373047, "passed": false}, "4": {"execution_time": 0.2661147117614746, "passed": false}, "5": {"execution_time": 0.23606300354003906, "passed": false}, "6": {"execution_time": 0.24435067176818848, "passed": false}, "7": {"execution_time": 0.23001337051391602, "passed": false}, "8": {"execution_time": 0.20297813415527344, "passed": false}, "9": {"execution_time": 0.24557709693908691, "passed": false}, "10": {"execution_time": 0.2338426113128662, "passed": false}, "11": {"execution_time": 0.25317907333374023, "passed": false}, "12": {"execution_time": 0.27132391929626465, "passed": false}, "13": {"execution_time": 0.24452996253967285, "passed": false}, "14": {"execution_time": 0.23451614379882812, "passed": false}}}, "check_style_score": "0/1"}