{"version": "1", "message": "ERROR: Hidden Testcases server unreachable.", "problem_id": "ads2_m4_a1_1", "user_id": "Sweety310897", "score": {"sample": {"0": {"execution_time": 0.3064005374908447, "passed": true}, "1": {"execution_time": 0.3405458927154541, "passed": true}, "2": {"execution_time": 0.4174981117248535, "passed": true}, "3": {"execution_time": 0.3798692226409912, "passed": true}, "4": {"execution_time": 0.3266415596008301, "passed": true}, "5": {"execution_time": 0.30771517753601074, "passed": true}, "6": {"execution_time": 0.30852413177490234, "passed": true}, "7": {"execution_time": 0.29151201248168945, "passed": true}, "8": {"execution_time": 0.34099841117858887, "passed": true}, "9": {"execution_time": 0.25729990005493164, "passed": true}, "10": {"execution_time": 0.28600192070007324, "passed": true}, "11": {"execution_time": 0.23654747009277344, "passed": true}, "12": {"execution_time": 0.23659229278564453, "passed": true}, "13": {"execution_time": 1.4664361476898193, "passed": true}, "14": {"execution_time": 0.28749871253967285, "passed": true}}}, "check_style_score": "1/1"}