{"version": "1", "message": "ERROR: Hidden Testcases server unreachable.", "problem_id": "ads2_m4_a1_1", "user_id": "Sweety310897", "score": {"sample": {"0": {"execution_time": 0.2577860355377197, "passed": true}, "1": {"execution_time": 0.2835240364074707, "passed": true}, "2": {"execution_time": 0.3061244487762451, "passed": true}, "3": {"execution_time": 0.3249647617340088, "passed": true}, "4": {"execution_time": 0.2542901039123535, "passed": true}, "5": {"execution_time": 0.25655341148376465, "passed": true}, "6": {"execution_time": 0.22150230407714844, "passed": true}, "7": {"execution_time": 0.2224130630493164, "passed": true}, "8": {"execution_time": 0.2341606616973877, "passed": true}, "9": {"execution_time": 0.20803403854370117, "passed": true}, "10": {"execution_time": 0.25552845001220703, "passed": true}, "11": {"execution_time": 0.23825883865356445, "passed": true}, "12": {"execution_time": 0.22558236122131348, "passed": true}, "13": {"execution_time": 1.3886229991912842, "passed": true}, "14": {"execution_time": 0.23002052307128906, "passed": true}}}, "check_style_score": "1/1"}