{"version": "1", "message": "ERROR: Hidden Testcases server unreachable.", "problem_id": "ads2_m4_a1_1", "user_id": "Sweety310897", "score": {"sample": {"0": {"execution_time": 0.237196683883667, "passed": false}, "1": {"execution_time": 0.26593613624572754, "passed": false}, "2": {"execution_time": 0.2759284973144531, "passed": false}, "3": {"execution_time": 0.25643324851989746, "passed": false}, "4": {"execution_time": 0.27385616302490234, "passed": false}, "5": {"execution_time": 0.24435949325561523, "passed": false}, "6": {"execution_time": 0.22264766693115234, "passed": false}, "7": {"execution_time": 0.23114824295043945, "passed": false}, "8": {"execution_time": 0.2345883846282959, "passed": false}, "9": {"execution_time": 0.24203085899353027, "passed": false}, "10": {"execution_time": 0.2313699722290039, "passed": false}, "11": {"execution_time": 0.24067950248718262, "passed": false}, "12": {"execution_time": 0.22723388671875, "passed": false}, "13": {"execution_time": 0.22104167938232422, "passed": false}, "14": {"execution_time": 0.20299482345581055, "passed": false}}}, "check_style_score": "0/1"}