{"version": "1", "message": "ERROR: Hidden Testcases server unreachable.", "problem_id": "ads2_m4_a1_1", "user_id": "Sweety310897", "score": {"sample": {"0": {"execution_time": 0.20617890357971191, "passed": false}, "1": {"execution_time": 0.19684886932373047, "passed": false}, "2": {"execution_time": 0.18262052536010742, "passed": false}, "3": {"execution_time": 0.21777987480163574, "passed": false}, "4": {"execution_time": 0.21590328216552734, "passed": false}, "5": {"execution_time": 0.22802162170410156, "passed": false}, "6": {"execution_time": 0.21633362770080566, "passed": false}, "7": {"execution_time": 0.22779345512390137, "passed": false}, "8": {"execution_time": 0.20576858520507812, "passed": false}, "9": {"execution_time": 0.20503616333007812, "passed": false}, "10": {"execution_time": 0.21596240997314453, "passed": false}, "11": {"execution_time": 0.2120366096496582, "passed": false}, "12": {"execution_time": 0.22000718116760254, "passed": false}, "13": {"execution_time": 0.23676753044128418, "passed": false}, "14": {"execution_time": 0.2544362545013428, "passed": false}}}, "check_style_score": "0/1"}