{"version": "1", "message": "ERROR: Hidden Testcases server unreachable.", "problem_id": "ads2_m4_a1_1", "user_id": "Sweety310897", "score": {"sample": {"0": {"execution_time": 0.30747175216674805, "passed": true}, "1": {"execution_time": 0.30964064598083496, "passed": true}, "2": {"execution_time": 0.34558844566345215, "passed": true}, "3": {"execution_time": 0.49776339530944824, "passed": true}, "4": {"execution_time": 0.25559520721435547, "passed": true}, "5": {"execution_time": 0.22286486625671387, "passed": true}, "6": {"execution_time": 0.23834657669067383, "passed": true}, "7": {"execution_time": 0.2979555130004883, "passed": true}, "8": {"execution_time": 0.2872161865234375, "passed": true}, "9": {"execution_time": 0.21177411079406738, "passed": true}, "10": {"execution_time": 0.21067333221435547, "passed": true}, "11": {"execution_time": 0.2072148323059082, "passed": true}, "12": {"execution_time": 0.20184731483459473, "passed": true}, "13": {"execution_time": 1.3900563716888428, "passed": true}, "14": {"execution_time": 0.32936787605285645, "passed": true}}}, "check_style_score": "0/1"}