{"version": "1", "message": "ERROR: Hidden Testcases server unreachable.", "problem_id": "ads2_m4_a1_1", "user_id": "Sweety310897", "score": {"sample": {"0": {"execution_time": 0.23516511917114258, "passed": false}, "1": {"execution_time": 0.2033243179321289, "passed": false}, "2": {"execution_time": 0.19230151176452637, "passed": false}, "3": {"execution_time": 0.20833516120910645, "passed": false}, "4": {"execution_time": 0.20735716819763184, "passed": false}, "5": {"execution_time": 0.22004389762878418, "passed": false}, "6": {"execution_time": 0.2203829288482666, "passed": false}, "7": {"execution_time": 0.23105120658874512, "passed": false}, "8": {"execution_time": 0.21909618377685547, "passed": false}, "9": {"execution_time": 0.20892643928527832, "passed": false}, "10": {"execution_time": 0.21183252334594727, "passed": false}, "11": {"execution_time": 0.21654558181762695, "passed": false}, "12": {"execution_time": 0.2091374397277832, "passed": false}, "13": {"execution_time": 0.21491026878356934, "passed": false}, "14": {"execution_time": 0.2283015251159668, "passed": false}}}, "check_style_score": "0/1"}