{"version": "1", "message": "ERROR: Hidden Testcases server unreachable.", "problem_id": "ads2_m4_a1_1", "user_id": "Sweety310897", "score": {"sample": {"0": {"execution_time": 0.21609163284301758, "passed": false}, "1": {"execution_time": 0.22192716598510742, "passed": false}, "2": {"execution_time": 0.2151329517364502, "passed": false}, "3": {"execution_time": 0.21021080017089844, "passed": false}, "4": {"execution_time": 0.2231462001800537, "passed": false}, "5": {"execution_time": 0.2172079086303711, "passed": false}, "6": {"execution_time": 0.2547457218170166, "passed": false}, "7": {"execution_time": 0.3169565200805664, "passed": false}, "8": {"execution_time": 0.3015444278717041, "passed": false}, "9": {"execution_time": 0.2650718688964844, "passed": false}, "10": {"execution_time": 0.24125075340270996, "passed": false}, "11": {"execution_time": 0.2345724105834961, "passed": false}, "12": {"execution_time": 0.2072315216064453, "passed": false}, "13": {"execution_time": 0.20500946044921875, "passed": false}, "14": {"execution_time": 0.25844693183898926, "passed": false}}}, "check_style_score": "0/1"}