{"version": "1", "message": "ERROR: Hidden Testcases server unreachable.", "problem_id": "ads2_m4_a1_1", "user_id": "Sweety310897", "score": {"sample": {"0": {"execution_time": 0.25961804389953613, "passed": false}, "1": {"execution_time": 0.2547292709350586, "passed": false}, "2": {"execution_time": 0.24957609176635742, "passed": false}, "3": {"execution_time": 0.26219987869262695, "passed": false}, "4": {"execution_time": 0.22173261642456055, "passed": false}, "5": {"execution_time": 0.19435667991638184, "passed": false}, "6": {"execution_time": 0.1892714500427246, "passed": false}, "7": {"execution_time": 0.19405484199523926, "passed": false}, "8": {"execution_time": 0.2205195426940918, "passed": false}, "9": {"execution_time": 0.19968390464782715, "passed": false}, "10": {"execution_time": 0.20726728439331055, "passed": false}, "11": {"execution_time": 0.2955515384674072, "passed": false}, "12": {"execution_time": 0.18389225006103516, "passed": false}, "13": {"execution_time": 0.20841240882873535, "passed": false}, "14": {"execution_time": 0.2331836223602295, "passed": false}}}, "check_style_score": "0/1"}