{"version": "1", "message": "ERROR: Hidden Testcases server unreachable.", "problem_id": "ads2_m4_a1_1", "user_id": "Sweety310897", "score": {"sample": {"0": {"execution_time": 0.20797276496887207, "passed": false}, "1": {"execution_time": 0.1961352825164795, "passed": false}, "2": {"execution_time": 0.20043683052062988, "passed": false}, "3": {"execution_time": 0.2511475086212158, "passed": false}, "4": {"execution_time": 0.1989879608154297, "passed": false}, "5": {"execution_time": 0.2152538299560547, "passed": false}, "6": {"execution_time": 0.21308135986328125, "passed": false}, "7": {"execution_time": 0.24701237678527832, "passed": false}, "8": {"execution_time": 0.24162912368774414, "passed": false}, "9": {"execution_time": 0.22061610221862793, "passed": false}, "10": {"execution_time": 0.26691246032714844, "passed": false}, "11": {"execution_time": 0.23192667961120605, "passed": false}, "12": {"execution_time": 0.20787739753723145, "passed": false}, "13": {"execution_time": 0.21741127967834473, "passed": false}, "14": {"execution_time": 0.2864696979522705, "passed": false}}}, "check_style_score": "0/1"}