{"version": "1", "message": "ERROR: Hidden Testcases server unreachable.", "problem_id": "ads2_m4_a1_1", "user_id": "Sweety310897", "score": {"sample": {"0": {"execution_time": 0.2377612590789795, "passed": true}, "1": {"execution_time": 0.2695918083190918, "passed": true}, "2": {"execution_time": 0.32352113723754883, "passed": true}, "3": {"execution_time": 0.33957433700561523, "passed": true}, "4": {"execution_time": 0.2527580261230469, "passed": true}, "5": {"execution_time": 0.22164583206176758, "passed": true}, "6": {"execution_time": 0.23990559577941895, "passed": true}, "7": {"execution_time": 0.22098159790039062, "passed": true}, "8": {"execution_time": 0.2193458080291748, "passed": true}, "9": {"execution_time": 0.2156977653503418, "passed": true}, "10": {"execution_time": 0.23454022407531738, "passed": true}, "11": {"execution_time": 0.21266961097717285, "passed": true}, "12": {"execution_time": 0.2227036952972412, "passed": true}, "13": {"execution_time": 1.4207777976989746, "passed": true}, "14": {"execution_time": 0.2444899082183838, "passed": true}}}, "check_style_score": "1/1"}