{"version": "1", "message": "ERROR: Hidden Testcases server unreachable.", "problem_id": "ads2_m4_a1_1", "user_id": "Sweety310897", "score": {"sample": {"0": {"execution_time": 0.43640661239624023, "passed": true}, "1": {"execution_time": 0.29169273376464844, "passed": true}, "2": {"execution_time": 0.29415202140808105, "passed": true}, "3": {"execution_time": 0.33254075050354004, "passed": true}, "4": {"execution_time": 0.27591395378112793, "passed": true}, "5": {"execution_time": 0.23364925384521484, "passed": true}, "6": {"execution_time": 0.2392134666442871, "passed": true}, "7": {"execution_time": 0.22282838821411133, "passed": true}, "8": {"execution_time": 0.23624181747436523, "passed": true}, "9": {"execution_time": 0.19021272659301758, "passed": true}, "10": {"execution_time": 0.2151639461517334, "passed": true}, "11": {"execution_time": 0.18869328498840332, "passed": true}, "12": {"execution_time": 0.18932843208312988, "passed": true}, "13": {"execution_time": 1.329545259475708, "passed": true}, "14": {"execution_time": 0.27512598037719727, "passed": true}}}, "check_style_score": "1/1"}