{"version": "1", "message": "ERROR: Hidden Testcases server unreachable.", "problem_id": "ads2_m6_a1_1", "user_id": "Sweety310897", "score": {"sample": {"0": {"execution_time": 0.2548379898071289, "passed": false}, "1": {"execution_time": 0.3023681640625, "passed": false}, "2": {"execution_time": 0.2598855495452881, "passed": false}, "3": {"execution_time": 0.2556467056274414, "passed": false}, "4": {"execution_time": 0.2545583248138428, "passed": false}, "5": {"execution_time": 0.2866649627685547, "passed": false}, "6": {"execution_time": 0.2713139057159424, "passed": true}, "7": {"execution_time": 0.26883935928344727, "passed": false}, "8": {"execution_time": 0.2573049068450928, "passed": true}, "9": {"execution_time": 0.2851524353027344, "passed": false}, "10": {"execution_time": 0.23917818069458008, "passed": true}, "11": {"execution_time": 0.2522246837615967, "passed": false}}}, "check_style_score": "0/1"}