{"version": "1", "message": "ERROR: Hidden Testcases server unreachable.", "problem_id": "ads2_m6_a1_1", "user_id": "Sweety310897", "score": {"sample": {"0": {"execution_time": 0.337770938873291, "passed": false}, "1": {"execution_time": 0.31672048568725586, "passed": false}, "2": {"execution_time": 0.31488537788391113, "passed": false}, "3": {"execution_time": 0.27681612968444824, "passed": false}, "4": {"execution_time": 0.253997802734375, "passed": false}, "5": {"execution_time": 0.28663039207458496, "passed": false}, "6": {"execution_time": 0.25417613983154297, "passed": false}, "7": {"execution_time": 0.298891544342041, "passed": false}, "8": {"execution_time": 0.25630688667297363, "passed": false}, "9": {"execution_time": 0.2865426540374756, "passed": false}, "10": {"execution_time": 0.2376859188079834, "passed": false}, "11": {"execution_time": 0.269514799118042, "passed": false}}}, "check_style_score": "0/1"}