{"version": "1", "message": "ERROR: Hidden Testcases server unreachable.", "problem_id": "ads2_m6_a1_1", "user_id": "Sweety310897", "score": {"sample": {"0": {"execution_time": 0.22778749465942383, "passed": false}, "1": {"execution_time": 0.22325587272644043, "passed": false}, "2": {"execution_time": 0.20668554306030273, "passed": false}, "3": {"execution_time": 0.2069244384765625, "passed": false}, "4": {"execution_time": 0.2226853370666504, "passed": false}, "5": {"execution_time": 0.23915529251098633, "passed": false}, "6": {"execution_time": 0.27243518829345703, "passed": false}, "7": {"execution_time": 0.25478363037109375, "passed": false}, "8": {"execution_time": 0.2830677032470703, "passed": false}, "9": {"execution_time": 0.3300347328186035, "passed": false}, "10": {"execution_time": 0.2042384147644043, "passed": false}, "11": {"execution_time": 0.20534634590148926, "passed": false}}}, "check_style_score": "0/1"}