{"version": "1", "message": "ERROR: Hidden Testcases server unreachable.", "problem_id": "ads2_m6_a1_1", "user_id": "Sweety310897", "score": {"sample": {"0": {"execution_time": 0.2846224308013916, "passed": false}, "1": {"execution_time": 0.25464653968811035, "passed": false}, "2": {"execution_time": 0.23934173583984375, "passed": false}, "3": {"execution_time": 0.3285951614379883, "passed": false}, "4": {"execution_time": 0.20397400856018066, "passed": false}, "5": {"execution_time": 0.2395007610321045, "passed": false}, "6": {"execution_time": 0.24398469924926758, "passed": false}, "7": {"execution_time": 0.3331000804901123, "passed": false}, "8": {"execution_time": 0.24994707107543945, "passed": false}, "9": {"execution_time": 0.23861217498779297, "passed": false}, "10": {"execution_time": 0.22375965118408203, "passed": false}, "11": {"execution_time": 0.2542393207550049, "passed": false}}}, "check_style_score": "0/1"}