{"version": "1", "message": "ERROR: Hidden Testcases server unreachable.", "problem_id": "ads2_m6_a1_1", "user_id": "Sweety310897", "score": {"sample": {"0": {"execution_time": 0.2727534770965576, "passed": false}, "1": {"execution_time": 0.2859489917755127, "passed": false}, "2": {"execution_time": 0.25626206398010254, "passed": false}, "3": {"execution_time": 0.2532820701599121, "passed": false}, "4": {"execution_time": 0.25208520889282227, "passed": false}, "5": {"execution_time": 0.3470606803894043, "passed": false}, "6": {"execution_time": 0.2554147243499756, "passed": true}, "7": {"execution_time": 0.271439790725708, "passed": false}, "8": {"execution_time": 0.25804948806762695, "passed": true}, "9": {"execution_time": 0.2534160614013672, "passed": false}, "10": {"execution_time": 0.2550501823425293, "passed": true}, "11": {"execution_time": 0.2865173816680908, "passed": false}}}, "check_style_score": "0/1"}