{"version": "1", "message": "ERROR: Hidden Testcases server unreachable.", "problem_id": "ads2_m6_a1_1", "user_id": "Sweety310897", "score": {"sample": {"0": {"execution_time": 0.24087810516357422, "passed": false}, "1": {"execution_time": 0.20839214324951172, "passed": false}, "2": {"execution_time": 0.20630240440368652, "passed": false}, "3": {"execution_time": 0.2070765495300293, "passed": false}, "4": {"execution_time": 0.20589518547058105, "passed": false}, "5": {"execution_time": 0.23896217346191406, "passed": false}, "6": {"execution_time": 0.22336339950561523, "passed": false}, "7": {"execution_time": 0.24475979804992676, "passed": false}, "8": {"execution_time": 0.24948477745056152, "passed": false}, "9": {"execution_time": 0.22527718544006348, "passed": false}, "10": {"execution_time": 0.2307279109954834, "passed": false}, "11": {"execution_time": 0.22407317161560059, "passed": false}}}, "check_style_score": "0/1"}