{"version": "1", "message": "ERROR: Hidden Testcases server unreachable.", "problem_id": "ads2_m6_a1_1", "user_id": "Sweety310897", "score": {"sample": {"0": {"execution_time": 0.3773510456085205, "passed": false}, "1": {"execution_time": 0.3393373489379883, "passed": false}, "2": {"execution_time": 0.28452038764953613, "passed": false}, "3": {"execution_time": 0.2865011692047119, "passed": false}, "4": {"execution_time": 0.318115234375, "passed": false}, "5": {"execution_time": 0.3205089569091797, "passed": false}, "6": {"execution_time": 0.2745091915130615, "passed": false}, "7": {"execution_time": 0.25310635566711426, "passed": false}, "8": {"execution_time": 0.29132628440856934, "passed": false}, "9": {"execution_time": 0.2717933654785156, "passed": false}, "10": {"execution_time": 0.23766851425170898, "passed": false}, "11": {"execution_time": 0.2709827423095703, "passed": false}}}, "check_style_score": "0/1"}