{"version": "1", "message": "ERROR: Hidden Testcases server unreachable.", "problem_id": "ads2_m6_a1_1", "user_id": "Sweety310897", "score": {"sample": {"0": {"execution_time": 0.444439172744751, "passed": false}, "1": {"execution_time": 0.3786594867706299, "passed": false}, "2": {"execution_time": 0.3771653175354004, "passed": false}, "3": {"execution_time": 0.7085835933685303, "passed": false}, "4": {"execution_time": 0.5201690196990967, "passed": false}, "5": {"execution_time": 0.6314215660095215, "passed": false}, "6": {"execution_time": 0.41283750534057617, "passed": false}, "7": {"execution_time": 0.557732343673706, "passed": false}, "8": {"execution_time": 0.45865440368652344, "passed": false}, "9": {"execution_time": 0.5671954154968262, "passed": false}, "10": {"execution_time": 0.30359601974487305, "passed": false}, "11": {"execution_time": 1.0834965705871582, "passed": false}}}, "check_style_score": "0/1"}