{"version": "1", "message": "ERROR: Hidden Testcases server unreachable.", "problem_id": "ads2_m6_a1_1", "user_id": "Sweety310897", "score": {"sample": {"0": {"execution_time": 0.44481897354125977, "passed": false}, "1": {"execution_time": 0.25731849670410156, "passed": false}, "2": {"execution_time": 0.23020052909851074, "passed": false}, "3": {"execution_time": 0.21207308769226074, "passed": false}, "4": {"execution_time": 0.22423052787780762, "passed": false}, "5": {"execution_time": 0.22304415702819824, "passed": false}, "6": {"execution_time": 0.2288496494293213, "passed": false}, "7": {"execution_time": 0.2266528606414795, "passed": false}, "8": {"execution_time": 0.22498035430908203, "passed": false}, "9": {"execution_time": 0.2213904857635498, "passed": false}, "10": {"execution_time": 0.2059330940246582, "passed": false}, "11": {"execution_time": 0.20753169059753418, "passed": false}}}, "check_style_score": "0/1"}