{"version": "1", "message": "ERROR: Hidden Testcases server unreachable.", "problem_id": "ads2_m6_a1_1", "user_id": "Sweety310897", "score": {"sample": {"0": {"execution_time": 0.2580893039703369, "passed": false}, "1": {"execution_time": 0.3013322353363037, "passed": false}, "2": {"execution_time": 0.32413220405578613, "passed": false}, "3": {"execution_time": 0.3108057975769043, "passed": false}, "4": {"execution_time": 0.2521960735321045, "passed": false}, "5": {"execution_time": 0.27051782608032227, "passed": false}, "6": {"execution_time": 0.2548079490661621, "passed": false}, "7": {"execution_time": 0.2559657096862793, "passed": false}, "8": {"execution_time": 0.2866833209991455, "passed": false}, "9": {"execution_time": 0.2741129398345947, "passed": false}, "10": {"execution_time": 0.2528972625732422, "passed": false}, "11": {"execution_time": 0.32013916969299316, "passed": false}}}, "check_style_score": "0/1"}