{"version": "1", "message": "ERROR: Hidden Testcases server unreachable.", "problem_id": "ads2_m6_a1_1", "user_id": "Sweety310897", "score": {"sample": {"0": {"execution_time": 0.43399834632873535, "passed": false}, "1": {"execution_time": 0.23812556266784668, "passed": false}, "2": {"execution_time": 0.2542610168457031, "passed": false}, "3": {"execution_time": 0.3057522773742676, "passed": false}, "4": {"execution_time": 0.3021376132965088, "passed": false}, "5": {"execution_time": 0.3653419017791748, "passed": false}, "6": {"execution_time": 0.26735377311706543, "passed": true}, "7": {"execution_time": 0.25211071968078613, "passed": false}, "8": {"execution_time": 0.2535817623138428, "passed": true}, "9": {"execution_time": 0.2858266830444336, "passed": false}, "10": {"execution_time": 0.2553849220275879, "passed": true}, "11": {"execution_time": 0.2553107738494873, "passed": false}}}, "check_style_score": "0/1"}