{"version": "1", "message": "ERROR: Hidden Testcases server unreachable.", "problem_id": "ads2_m6_a1_1", "user_id": "Sweety310897", "score": {"sample": {"0": {"execution_time": 0.4296450614929199, "passed": false}, "1": {"execution_time": 0.39340949058532715, "passed": false}, "2": {"execution_time": 0.3489246368408203, "passed": false}, "3": {"execution_time": 0.4897339344024658, "passed": false}, "4": {"execution_time": 0.3663365840911865, "passed": false}, "5": {"execution_time": 0.568333625793457, "passed": false}, "6": {"execution_time": 0.34949541091918945, "passed": false}, "7": {"execution_time": 0.4124915599822998, "passed": false}, "8": {"execution_time": 0.34738659858703613, "passed": false}, "9": {"execution_time": 0.4273495674133301, "passed": false}, "10": {"execution_time": 0.31702637672424316, "passed": false}, "11": {"execution_time": 0.5634880065917969, "passed": false}}}, "check_style_score": "0/1"}