{"version": "1", "message": "ERROR: Hidden Testcases server unreachable.", "problem_id": "ads2_m6_a1_1", "user_id": "Sweety310897", "score": {"sample": {"0": {"execution_time": 0.20523428916931152, "passed": false}, "1": {"execution_time": 0.24941420555114746, "passed": false}, "2": {"execution_time": 0.2384188175201416, "passed": false}, "3": {"execution_time": 0.20584464073181152, "passed": false}, "4": {"execution_time": 0.2915623188018799, "passed": false}, "5": {"execution_time": 0.23870468139648438, "passed": false}, "6": {"execution_time": 0.21578383445739746, "passed": false}, "7": {"execution_time": 0.2062690258026123, "passed": false}, "8": {"execution_time": 0.22415852546691895, "passed": false}, "9": {"execution_time": 0.21958279609680176, "passed": false}, "10": {"execution_time": 0.2239995002746582, "passed": false}, "11": {"execution_time": 0.23984408378601074, "passed": false}}}, "check_style_score": "0/1"}