{"version": "1", "message": "ERROR: Hidden Testcases server unreachable.", "problem_id": "ads2_m6_a1_1", "user_id": "Sweety310897", "score": {"sample": {"0": {"execution_time": 0.2553842067718506, "passed": false}, "1": {"execution_time": 0.3312184810638428, "passed": false}, "2": {"execution_time": 0.2563321590423584, "passed": false}, "3": {"execution_time": 0.2721562385559082, "passed": false}, "4": {"execution_time": 0.25625014305114746, "passed": false}, "5": {"execution_time": 0.29017066955566406, "passed": false}, "6": {"execution_time": 0.26997947692871094, "passed": false}, "7": {"execution_time": 0.25554609298706055, "passed": false}, "8": {"execution_time": 0.2548656463623047, "passed": false}, "9": {"execution_time": 0.3024327754974365, "passed": false}, "10": {"execution_time": 0.25226330757141113, "passed": false}, "11": {"execution_time": 0.2902383804321289, "passed": false}}}, "check_style_score": "0/1"}