{"version": "1", "message": "ERROR: Hidden Testcases server unreachable.", "problem_id": "ads2_m6_a1_1", "user_id": "Sweety310897", "score": {"sample": {"0": {"execution_time": 0.2735304832458496, "passed": false}, "1": {"execution_time": 0.2720034122467041, "passed": false}, "2": {"execution_time": 0.256256103515625, "passed": false}, "3": {"execution_time": 0.23844337463378906, "passed": false}, "4": {"execution_time": 0.2029740810394287, "passed": false}, "5": {"execution_time": 0.25826191902160645, "passed": false}, "6": {"execution_time": 0.2568812370300293, "passed": false}, "7": {"execution_time": 0.22574114799499512, "passed": false}, "8": {"execution_time": 0.24953150749206543, "passed": false}, "9": {"execution_time": 0.1975712776184082, "passed": false}, "10": {"execution_time": 0.25590038299560547, "passed": false}, "11": {"execution_time": 0.19539856910705566, "passed": false}}}, "check_style_score": "0/1"}