{"version": "1", "message": "ERROR: Hidden Testcases server unreachable.", "problem_id": "ads2_m6_a1_1", "user_id": "Sweety310897", "score": {"sample": {"0": {"execution_time": 0.22465181350708008, "passed": false}, "1": {"execution_time": 0.22307777404785156, "passed": false}, "2": {"execution_time": 0.22470736503601074, "passed": false}, "3": {"execution_time": 0.22325611114501953, "passed": false}, "4": {"execution_time": 0.2391669750213623, "passed": false}, "5": {"execution_time": 0.22732758522033691, "passed": false}, "6": {"execution_time": 0.22132420539855957, "passed": false}, "7": {"execution_time": 0.2505924701690674, "passed": false}, "8": {"execution_time": 0.23852109909057617, "passed": false}, "9": {"execution_time": 0.24953913688659668, "passed": false}, "10": {"execution_time": 0.2236177921295166, "passed": false}, "11": {"execution_time": 0.2936575412750244, "passed": false}}}, "check_style_score": "0/1"}