{"version": "1", "message": "ERROR: Hidden Testcases server unreachable.", "problem_id": "ads2_m6_a1_1", "user_id": "Sweety310897", "score": {"sample": {"0": {"execution_time": 0.2386012077331543, "passed": false}, "1": {"execution_time": 0.20702314376831055, "passed": false}, "2": {"execution_time": 0.22311043739318848, "passed": false}, "3": {"execution_time": 0.20796918869018555, "passed": false}, "4": {"execution_time": 0.20688128471374512, "passed": false}, "5": {"execution_time": 0.22359704971313477, "passed": false}, "6": {"execution_time": 0.24004173278808594, "passed": false}, "7": {"execution_time": 0.22300052642822266, "passed": false}, "8": {"execution_time": 0.2372276782989502, "passed": false}, "9": {"execution_time": 0.23984384536743164, "passed": false}, "10": {"execution_time": 0.23967480659484863, "passed": false}, "11": {"execution_time": 0.24065852165222168, "passed": false}}}, "check_style_score": "0/1"}