{"version": "1", "message": "ERROR: Hidden Testcases server unreachable.", "problem_id": "ads2_m6_a1_1", "user_id": "Sweety310897", "score": {"sample": {"0": {"execution_time": 0.27367281913757324, "passed": false}, "1": {"execution_time": 0.32030272483825684, "passed": false}, "2": {"execution_time": 0.2708778381347656, "passed": false}, "3": {"execution_time": 0.2828102111816406, "passed": false}, "4": {"execution_time": 0.2724113464355469, "passed": false}, "5": {"execution_time": 0.270357608795166, "passed": false}, "6": {"execution_time": 0.28647685050964355, "passed": false}, "7": {"execution_time": 0.36388349533081055, "passed": false}, "8": {"execution_time": 0.2869439125061035, "passed": false}, "9": {"execution_time": 0.26862621307373047, "passed": false}, "10": {"execution_time": 0.29606151580810547, "passed": false}, "11": {"execution_time": 0.28565168380737305, "passed": false}}}, "check_style_score": "0/1"}