{"version": "1", "message": "ERROR: Hidden Testcases server unreachable.", "problem_id": "ads2_m2_a1_1", "user_id": "Sweety310897", "score": {"sample": {"0": {"execution_time": 0.19822359085083008, "passed": false}, "1": {"execution_time": 0.1630551815032959, "passed": false}, "2": {"execution_time": 0.2555522918701172, "passed": false}, "3": {"execution_time": 0.20488643646240234, "passed": false}, "4": {"execution_time": 0.17642521858215332, "passed": false}, "5": {"execution_time": 0.22066211700439453, "passed": false}, "6": {"execution_time": 0.2608616352081299, "passed": false}, "7": {"execution_time": 0.18923425674438477, "passed": false}, "8": {"execution_time": 0.2035515308380127, "passed": false}, "9": {"execution_time": 0.20602774620056152, "passed": false}, "10": {"execution_time": 0.21075677871704102, "passed": false}, "11": {"execution_time": 0.1735982894897461, "passed": false}, "12": {"execution_time": 0.18869781494140625, "passed": false}, "13": {"execution_time": 0.17489290237426758, "passed": false}, "14": {"execution_time": 0.17349815368652344, "passed": false}, "15": {"execution_time": 0.2492995262145996, "passed": false}, "16": {"execution_time": 0.19223880767822266, "passed": false}, "17": {"execution_time": 0.1766974925994873, "passed": false}, "18": {"execution_time": 0.21043181419372559, "passed": false}, "19": {"execution_time": 0.1806049346923828, "passed": false}, "20": {"execution_time": 0.2025306224822998, "passed": false}, "21": {"execution_time": 0.19545555114746094, "passed": false}, "22": {"execution_time": 0.1903514862060547, "passed": false}, "23": {"execution_time": 0.21523690223693848, "passed": false}}}, "check_style_score": "0/1"}