{"version": "1", "message": "ERROR: Hidden Testcases server unreachable.", "problem_id": "ads2_m2_a1_1", "user_id": "Sweety310897", "score": {"sample": {"0": {"execution_time": 0.2411515712738037, "passed": true}, "1": {"execution_time": 0.2083113193511963, "passed": false}, "2": {"execution_time": 0.23083972930908203, "passed": false}, "3": {"execution_time": 0.2232520580291748, "passed": true}, "4": {"execution_time": 0.21468853950500488, "passed": false}, "5": {"execution_time": 0.1872255802154541, "passed": false}, "6": {"execution_time": 0.1906425952911377, "passed": false}, "7": {"execution_time": 0.21654152870178223, "passed": false}, "8": {"execution_time": 0.19285941123962402, "passed": false}, "9": {"execution_time": 0.16878437995910645, "passed": false}, "10": {"execution_time": 0.19317221641540527, "passed": false}, "11": {"execution_time": 0.21769404411315918, "passed": false}, "12": {"execution_time": 0.2238292694091797, "passed": false}, "13": {"execution_time": 0.19133424758911133, "passed": false}, "14": {"execution_time": 0.2033524513244629, "passed": false}, "15": {"execution_time": 0.18604445457458496, "passed": false}, "16": {"execution_time": 0.20752596855163574, "passed": false}, "17": {"execution_time": 0.19143915176391602, "passed": false}, "18": {"execution_time": 0.20527911186218262, "passed": false}, "19": {"execution_time": 0.1973884105682373, "passed": false}, "20": {"execution_time": 0.20638799667358398, "passed": false}, "21": {"execution_time": 0.1699528694152832, "passed": false}, "22": {"execution_time": 0.1932687759399414, "passed": false}, "23": {"execution_time": 0.1924610137939453, "passed": false}}}, "check_style_score": "0/1"}