{"version": "1", "message": "ERROR: Hidden Testcases server unreachable.", "problem_id": "ads2_m16_a1_1", "user_id": "Sweety310897", "score": {"sample": {"0": {"execution_time": 0.5095970630645752, "passed": true}, "1": {"execution_time": 0.35008668899536133, "passed": true}, "2": {"execution_time": 0.7170529365539551, "passed": true}, "3": {"execution_time": 0.7108373641967773, "passed": true}, "4": {"execution_time": 0.7431120872497559, "passed": true}, "5": {"execution_time": 0.7307219505310059, "passed": true}, "6": {"execution_time": 0.6848568916320801, "passed": true}, "7": {"execution_time": 0.7103817462921143, "passed": true}, "8": {"execution_time": 0.37464308738708496, "passed": true}, "9": {"execution_time": 0.7195515632629395, "passed": true}, "10": {"execution_time": 0.6583390235900879, "passed": true}, "11": {"execution_time": 4.417689085006714, "passed": true}, "12": {"execution_time": 0.6786434650421143, "passed": true}, "13": {"execution_time": 0.2575643062591553, "passed": true}, "14": {"execution_time": 0.7076177597045898, "passed": true}, "15": {"execution_time": 0.6508617401123047, "passed": true}, "16": {"execution_time": 0.3506183624267578, "passed": true}, "17": {"execution_time": 0.43706703186035156, "passed": true}, "18": {"execution_time": 0.40134716033935547, "passed": true}, "19": {"execution_time": 0.42824721336364746, "passed": true}, "20": {"execution_time": 0.46090245246887207, "passed": true}, "21": {"execution_time": 0.452991247177124, "passed": true}, "22": {"execution_time": 0.3099336624145508, "passed": true}, "23": {"execution_time": 0.38103699684143066, "passed": true}, "24": {"execution_time": 0.25235533714294434, "passed": true}, "25": {"execution_time": 0.8807058334350586, "passed": true}, "26": {"execution_time": 0.9858598709106445, "passed": true}, "27": {"execution_time": 1.1765437126159668, "passed": true}, "28": {"execution_time": 1.7852253913879395, "passed": true}, "29": {"execution_time": 0.43181514739990234, "passed": true}}}, "check_style_score": "0/1"}