{"version": "1", "message": "ERROR: Hidden Testcases server unreachable.", "problem_id": "ads2_m16_a1_1", "user_id": "Sweety310897", "score": {"sample": {"0": {"execution_time": 0.3710360527038574, "passed": true}, "1": {"execution_time": 0.36620092391967773, "passed": true}, "2": {"execution_time": 0.8977601528167725, "passed": true}, "3": {"execution_time": 0.8778223991394043, "passed": true}, "4": {"execution_time": 0.9100620746612549, "passed": true}, "5": {"execution_time": 0.9130284786224365, "passed": true}, "6": {"execution_time": 0.9151611328125, "passed": true}, "7": {"execution_time": 0.9297394752502441, "passed": true}, "8": {"execution_time": 0.4655032157897949, "passed": true}, "9": {"execution_time": 0.9417271614074707, "passed": true}, "10": {"execution_time": 0.9159200191497803, "passed": true}, "11": {"execution_time": 4.623393297195435, "passed": true}, "12": {"execution_time": 0.6406979560852051, "passed": true}, "13": {"execution_time": 0.2504606246948242, "passed": true}, "14": {"execution_time": 0.6899378299713135, "passed": true}, "15": {"execution_time": 0.6697685718536377, "passed": true}, "16": {"execution_time": 0.43202972412109375, "passed": true}, "17": {"execution_time": 0.5012543201446533, "passed": true}, "18": {"execution_time": 0.39652442932128906, "passed": true}, "19": {"execution_time": 0.3862617015838623, "passed": true}, "20": {"execution_time": 0.39515066146850586, "passed": true}, "21": {"execution_time": 0.30471372604370117, "passed": true}, "22": {"execution_time": 0.3855443000793457, "passed": true}, "23": {"execution_time": 0.4443063735961914, "passed": true}, "24": {"execution_time": 0.30056047439575195, "passed": true}, "25": {"execution_time": 1.177184820175171, "passed": true}, "26": {"execution_time": 0.9172844886779785, "passed": true}, "27": {"execution_time": 1.1483814716339111, "passed": true}, "28": {"execution_time": 1.5043606758117676, "passed": true}, "29": {"execution_time": 0.24733257293701172, "passed": true}}}, "check_style_score": "1/1"}