{"version": "1", "message": "ERROR: Hidden Testcases server unreachable.", "problem_id": "ads2_m16_a1_1", "user_id": "Sweety310897", "score": {"sample": {"0": {"execution_time": 0.33123779296875, "passed": true}, "1": {"execution_time": 0.3649892807006836, "passed": true}, "2": {"execution_time": 0.6401205062866211, "passed": true}, "3": {"execution_time": 0.6901853084564209, "passed": true}, "4": {"execution_time": 0.7218668460845947, "passed": true}, "5": {"execution_time": 0.7569677829742432, "passed": true}, "6": {"execution_time": 0.7616806030273438, "passed": true}, "7": {"execution_time": 0.752403736114502, "passed": true}, "8": {"execution_time": 0.40101122856140137, "passed": true}, "9": {"execution_time": 0.6714963912963867, "passed": true}, "10": {"execution_time": 0.774071455001831, "passed": true}, "11": {"execution_time": 4.423618316650391, "passed": true}, "12": {"execution_time": 0.6870253086090088, "passed": true}, "13": {"execution_time": 0.3319404125213623, "passed": true}, "14": {"execution_time": 0.8117306232452393, "passed": true}, "15": {"execution_time": 0.701573371887207, "passed": true}, "16": {"execution_time": 0.34610795974731445, "passed": true}, "17": {"execution_time": 0.42598676681518555, "passed": true}, "18": {"execution_time": 0.3980264663696289, "passed": true}, "19": {"execution_time": 0.4527723789215088, "passed": true}, "20": {"execution_time": 0.40799689292907715, "passed": true}, "21": {"execution_time": 0.37108349800109863, "passed": true}, "22": {"execution_time": 0.4250030517578125, "passed": true}, "23": {"execution_time": 0.4617273807525635, "passed": true}, "24": {"execution_time": 0.3167393207550049, "passed": true}, "25": {"execution_time": 1.1845142841339111, "passed": true}, "26": {"execution_time": 0.9117045402526855, "passed": true}, "27": {"execution_time": 1.3060166835784912, "passed": true}, "28": {"execution_time": 1.8410861492156982, "passed": true}, "29": {"execution_time": 0.3193018436431885, "passed": true}}}, "check_style_score": "1/1"}