{"version": "1", "message": "ERROR: Hidden Testcases server unreachable.", "problem_id": "ads2_m16_a1_1", "user_id": "Sweety310897", "score": {"sample": {"0": {"execution_time": 0.5218374729156494, "passed": true}, "1": {"execution_time": 0.3317580223083496, "passed": true}, "2": {"execution_time": 0.7520418167114258, "passed": true}, "3": {"execution_time": 0.659740686416626, "passed": true}, "4": {"execution_time": 0.7520492076873779, "passed": true}, "5": {"execution_time": 0.7042620182037354, "passed": true}, "6": {"execution_time": 0.6881954669952393, "passed": true}, "7": {"execution_time": 0.6917390823364258, "passed": true}, "8": {"execution_time": 0.3758671283721924, "passed": true}, "9": {"execution_time": 0.6893529891967773, "passed": true}, "10": {"execution_time": 0.6687953472137451, "passed": true}, "11": {"execution_time": 4.454622268676758, "passed": true}, "12": {"execution_time": 0.7039024829864502, "passed": true}, "13": {"execution_time": 0.2888758182525635, "passed": true}, "14": {"execution_time": 0.7041494846343994, "passed": true}, "15": {"execution_time": 0.6714861392974854, "passed": true}, "16": {"execution_time": 0.45804286003112793, "passed": true}, "17": {"execution_time": 0.37044334411621094, "passed": true}, "18": {"execution_time": 0.3124837875366211, "passed": true}, "19": {"execution_time": 0.3446519374847412, "passed": true}, "20": {"execution_time": 0.4077274799346924, "passed": true}, "21": {"execution_time": 0.3611140251159668, "passed": true}, "22": {"execution_time": 0.3451728820800781, "passed": true}, "23": {"execution_time": 0.4364919662475586, "passed": true}, "24": {"execution_time": 0.2829103469848633, "passed": true}, "25": {"execution_time": 0.8765490055084229, "passed": true}, "26": {"execution_time": 0.9478974342346191, "passed": true}, "27": {"execution_time": 1.177306890487671, "passed": true}, "28": {"execution_time": 1.8803460597991943, "passed": true}, "29": {"execution_time": 0.3439059257507324, "passed": true}}}, "check_style_score": "0/1"}