{"version": "1", "message": "ERROR: Hidden Testcases server unreachable.", "problem_id": "ads2_m16_a1_1", "user_id": "Sweety310897", "score": {"sample": {"0": {"execution_time": 0.32315540313720703, "passed": true}, "1": {"execution_time": 0.31861376762390137, "passed": true}, "2": {"execution_time": 0.7116138935089111, "passed": true}, "3": {"execution_time": 0.6766476631164551, "passed": true}, "4": {"execution_time": 0.7472684383392334, "passed": true}, "5": {"execution_time": 0.6419246196746826, "passed": true}, "6": {"execution_time": 0.7104237079620361, "passed": true}, "7": {"execution_time": 0.7185635566711426, "passed": true}, "8": {"execution_time": 0.3621370792388916, "passed": true}, "9": {"execution_time": 0.79555344581604, "passed": true}, "10": {"execution_time": 0.6493289470672607, "passed": true}, "11": {"execution_time": 4.7279064655303955, "passed": true}, "12": {"execution_time": 0.701014518737793, "passed": true}, "13": {"execution_time": 0.2519989013671875, "passed": true}, "14": {"execution_time": 0.6648173332214355, "passed": true}, "15": {"execution_time": 0.7832443714141846, "passed": true}, "16": {"execution_time": 0.5561685562133789, "passed": true}, "17": {"execution_time": 0.34807491302490234, "passed": true}, "18": {"execution_time": 0.3742554187774658, "passed": true}, "19": {"execution_time": 0.40522074699401855, "passed": true}, "20": {"execution_time": 0.3901941776275635, "passed": true}, "21": {"execution_time": 0.3198535442352295, "passed": true}, "22": {"execution_time": 0.3601834774017334, "passed": true}, "23": {"execution_time": 0.3850386142730713, "passed": true}, "24": {"execution_time": 0.23354530334472656, "passed": true}, "25": {"execution_time": 0.881244421005249, "passed": true}, "26": {"execution_time": 0.8922207355499268, "passed": true}, "27": {"execution_time": 1.0930769443511963, "passed": true}, "28": {"execution_time": 1.6229040622711182, "passed": true}, "29": {"execution_time": 0.27414727210998535, "passed": true}}}, "check_style_score": "1/1"}