{"version": "1", "message": "ERROR: Hidden Testcases server unreachable.", "problem_id": "ads2_m16_a1_1", "user_id": "Sweety310897", "score": {"sample": {"0": {"execution_time": 0.35867905616760254, "passed": true}, "1": {"execution_time": 0.3448798656463623, "passed": true}, "2": {"execution_time": 0.6554117202758789, "passed": true}, "3": {"execution_time": 0.673994779586792, "passed": true}, "4": {"execution_time": 0.7170312404632568, "passed": true}, "5": {"execution_time": 0.6869778633117676, "passed": true}, "6": {"execution_time": 0.799917459487915, "passed": true}, "7": {"execution_time": 0.8125238418579102, "passed": true}, "8": {"execution_time": 0.48024415969848633, "passed": true}, "9": {"execution_time": 0.675187349319458, "passed": true}, "10": {"execution_time": 0.6553046703338623, "passed": true}, "11": {"execution_time": 6.14561915397644, "passed": true}, "12": {"execution_time": 0.8649370670318604, "passed": true}, "13": {"execution_time": 0.31873559951782227, "passed": true}, "14": {"execution_time": 0.8706655502319336, "passed": true}, "15": {"execution_time": 0.7289562225341797, "passed": true}, "16": {"execution_time": 0.3275728225708008, "passed": true}, "17": {"execution_time": 0.42162585258483887, "passed": true}, "18": {"execution_time": 0.5309431552886963, "passed": true}, "19": {"execution_time": 0.42789459228515625, "passed": true}, "20": {"execution_time": 0.42556142807006836, "passed": true}, "21": {"execution_time": 0.37645888328552246, "passed": true}, "22": {"execution_time": 0.37631988525390625, "passed": true}, "23": {"execution_time": 0.4266347885131836, "passed": true}, "24": {"execution_time": 0.28616809844970703, "passed": true}, "25": {"execution_time": 1.1097311973571777, "passed": true}, "26": {"execution_time": 0.8813021183013916, "passed": true}, "27": {"execution_time": 1.0979022979736328, "passed": true}, "28": {"execution_time": 1.2667326927185059, "passed": true}, "29": {"execution_time": 0.2495124340057373, "passed": true}}}, "check_style_score": "1/1"}