{"version": "1", "message": "ERROR: Hidden Testcases server unreachable.", "problem_id": "ads2_m16_a1_1", "user_id": "Sweety310897", "score": {"sample": {"0": {"execution_time": 0.3636786937713623, "passed": true}, "1": {"execution_time": 0.3002197742462158, "passed": true}, "2": {"execution_time": 0.6442582607269287, "passed": true}, "3": {"execution_time": 0.6901209354400635, "passed": true}, "4": {"execution_time": 0.6919858455657959, "passed": true}, "5": {"execution_time": 0.6957776546478271, "passed": true}, "6": {"execution_time": 0.6888163089752197, "passed": true}, "7": {"execution_time": 0.6701884269714355, "passed": true}, "8": {"execution_time": 0.43828320503234863, "passed": true}, "9": {"execution_time": 0.6294660568237305, "passed": true}, "10": {"execution_time": 0.6569771766662598, "passed": true}, "11": {"execution_time": 4.439364433288574, "passed": true}, "12": {"execution_time": 0.7180871963500977, "passed": true}, "13": {"execution_time": 0.26283836364746094, "passed": true}, "14": {"execution_time": 0.969003438949585, "passed": true}, "15": {"execution_time": 0.9954075813293457, "passed": true}, "16": {"execution_time": 0.8101599216461182, "passed": true}, "17": {"execution_time": 0.5099530220031738, "passed": true}, "18": {"execution_time": 0.6016952991485596, "passed": true}, "19": {"execution_time": 0.6851449012756348, "passed": true}, "20": {"execution_time": 0.5745279788970947, "passed": true}, "21": {"execution_time": 0.4612269401550293, "passed": true}, "22": {"execution_time": 0.4542078971862793, "passed": true}, "23": {"execution_time": 0.45621299743652344, "passed": true}, "24": {"execution_time": 0.350933313369751, "passed": true}, "25": {"execution_time": 1.2448146343231201, "passed": true}, "26": {"execution_time": 1.0588188171386719, "passed": true}, "27": {"execution_time": 1.3004634380340576, "passed": true}, "28": {"execution_time": 1.881002426147461, "passed": true}, "29": {"execution_time": 0.4090871810913086, "passed": true}}}, "check_style_score": "1/1"}